課程主類別,課程副類別,課程次類別,課程名稱,報名人次總計
人文類,人文藝術,手作工藝,"""[""原住民""]""視覺設計系列""－""文化創意夢想起飛",2008
人文類,人文藝術,手作工藝,"""[""原住民""]""視覺設計系列""－""傳統工藝技術與商品結合",8183
人文類,人文藝術,手作工藝,"""[""原住民""]""蔡宜錦""－""時尚原住民特色產品",4004
人文類,人文藝術,手作工藝,"""[""原住民""]""盧春華""－""彩繪藝術與原住民創意商品",2689
人文類,人文藝術,手作工藝,"""[""環境教育""]""環保 健康 生活手工皂",3461
人文類,人文藝術,手作工藝,"方佩玲""－""紙黏土創意課程",379
人文類,人文藝術,手作工藝,"年節花藝DIY""－""中華郵政提供",409
人文類,人文藝術,手作工藝,"李文壽""－""漫談印石文物1",585
人文類,人文藝術,手作工藝,"李文壽""－""漫談印石文物2",495
人文類,人文藝術,手作工藝,"李承澔""－""當代藝術及氣球創作",254
人文類,人文藝術,手作工藝,"花園輕手作""－""蝶古巴特的運用",722
人文類,人文藝術,手作工藝,"金屬工藝""－""臺北市職能發展學院提供",381
人文類,人文藝術,手作工藝,金屬線編織飾品,728
人文類,人文藝術,手作工藝,書法基礎教學,928
人文類,人文藝術,手作工藝,"張克晉""－""漢唐風華1",399
人文類,人文藝術,手作工藝,"張克晉""－""漢唐風華2",325
人文類,人文藝術,手作工藝,"曹蕙蘭""－""基礎押花",372
人文類,人文藝術,手作工藝,"詹淑女""－""客家工藝""－""童玩巧手",1674
人文類,人文藝術,手作工藝,"臺北燈節""－""阮慶岳""、""張元茜""、""吳瑪俐""－""我們永遠得不到永遠""－""新媒體藝術與公共空間的短暫交會",209
人文類,人文藝術,手作工藝,"臺北燈節""－""桂雅文""－""文化治理的實踐""－""全球文化公部門的格局與視野",216
人文類,人文藝術,手作工藝,篆刻與篆書,882
人文類,人文藝術,文化與文學,"""[""原住民""]""科學與原住民文化的對話",1305
人文類,人文藝術,文化與文學,"""[""原住民""]""原住民山林草藥智慧""－""行政院原住民族委員會提供",3159
人文類,人文藝術,文化與文學,"""[""原住民""]""原住民飲食文化",1208
人文類,人文藝術,文化與文學,"""[""原住民""]""臺北凱達格蘭族的追尋",1711
人文類,人文藝術,文化與文學,"""[""原住民""]""臺灣原住民各族傳統樂器製作""－""行政院原住民族委員會提供",786
人文類,人文藝術,文化與文學,"""[""原住民""]""臺灣原住民防衛與武器""－""行政院原住民族委員會提供",759
人文類,人文藝術,文化與文學,"""[""原住民""]""臺灣原住民族建築智慧""－""行政院原住民族委員會提供",996
人文類,人文藝術,文化與文學,"""[""原住民""]""臺灣原住民族傳統生活祭儀""－""行政院原住民族委員會提供",1387
人文類,人文藝術,文化與文學,"""[""原住民""]""臺灣原住民族傳統生計型態介紹""－""行政院原住民族委員會提供",1086
人文類,人文藝術,文化與文學,"""[""原住民""]""臺灣原住民族傳統成年禮介紹""－""行政院原住民族委員會提供",1131
人文類,人文藝術,文化與文學,"""[""原住民""]""臺灣原住民族傳統部落與祖靈聖地""－""行政院原住民族委員會提供",4932
人文類,人文藝術,文化與文學,"""[""原住民""]""臺灣原住民族圖紋與工藝飾品的介紹""－""行政院原住民族委員會提供",1222
人文類,人文藝術,文化與文學,"""[""原住民""]""臺灣原住民歌""（""童""）""謠與舞蹈介紹""－""行政院原住民族委員會提供",1591
人文類,人文藝術,文化與文學,"""[""原住民""]""認識原住民文化與特質""－""行政院人事行政總處公務人力發展學院提供",9094
人文類,人文藝術,文化與文學,"""[""環境教育""]""一次搞懂文山區文化資產",877
人文類,人文藝術,文化與文學,"""[""環境教育""]""民俗好好看",922
人文類,人文藝術,文化與文學,"""[""環境教育""]""原住民建築文化",1770
人文類,人文藝術,文化與文學,"""[""環境教育""]""探查萬華""─""文化保存之旅",1810
人文類,人文藝術,文化與文學,"八芝蘭""─""士林區發展史",280
人文類,人文藝術,文化與文學,大散文•小筆記,269
人文類,人文藝術,文化與文學,大稻埕的故事,423
人文類,人文藝術,文化與文學,中國文學詩詞賞析,1316
人文類,人文藝術,文化與文學,"日據時期的臺灣美術""－""國立公共資訊圖書館提供",537
人文類,人文藝術,文化與文學,"永遠的印象派畫家""─""莫內",558
人文類,人文藝術,文化與文學,多元文化閱讀的推動,530
人文類,人文藝術,文化與文學,"吳祥輝""－""從芬蘭驚豔到驚歎愛爾蘭""－""用詩人的心在歷史中旅行",736
人文類,人文藝術,文化與文學,"吳德朗""－""影響印度人的史詩",308
人文類,人文藝術,文化與文學,"李俊輝""－""靜觀自得""－""談中國人的書畫旨趣與鑑賞方法",406
人文類,人文藝術,文化與文學,"林邱琇環""－""賞愛蘇東坡1",328
人文類,人文藝術,文化與文學,"林邱琇環""－""賞愛蘇東坡2",324
人文類,人文藝術,文化與文學,版畫與手工藝術,891
人文類,人文藝術,文化與文學,"邱琇環""─""老子的智慧",430
人文類,人文藝術,文化與文學,"邱琇環""－""順自然通造化""－""說莊子寓言故事",359
人文類,人文藝術,文化與文學,"客家人的音樂""－""不只是山歌""（""上""）""",857
人文類,人文藝術,文化與文學,"客家人的音樂""－""不只是山歌""（""下""）""",1083
人文類,人文藝術,文化與文學,客家音樂與戲劇,3807
人文類,人文藝術,文化與文學,"客家語言與文化""－""文化篇",5503
人文類,人文藝術,文化與文學,"客家語言與文化""－""客家之美",19141
人文類,人文藝術,文化與文學,"徐貴榮""－""客家文化介紹",639
人文類,人文藝術,文化與文學,"旅遊記憶""－""詩歌與畫",1378
人文類,人文藝術,文化與文學,"基隆河""─""南港文史探尋",253
人文類,人文藝術,文化與文學,"基隆河錫口社庄""─""松山地區故事",234
人文類,人文藝術,文化與文學,"陳芳明""－""台灣文學發展及華文世界位置",0
人文類,人文藝術,文化與文學,"須文蔚""－""台灣後現代詩",592
人文類,人文藝術,文化與文學,"漢字文化論壇""－""王榮文""、""張光民""、""何志焜""－""漢字plus""－""臺灣的文化創意",250
人文類,人文藝術,文化與文學,"漢字文化論壇""－""林谷芳""、""林磐聳""、""陳永基""－""舞文弄墨""－""文字中的線條與色彩",237
人文類,人文藝術,文化與文學,"漢字文化論壇""－""南方朔""、""許學仁""、""蔡英俊""－""漢遊天下""－""漢字的國際性",267
人文類,人文藝術,文化與文學,"漢字文化講堂""－""林保淳""－""金庸武俠小說的文字魅力",362
人文類,人文藝術,文化與文學,"漢字文化講堂""－""張茂鴻""、""陳梅安""－""一茶一世界",282
人文類,人文藝術,文化與文學,"漢字文化講堂""－""陳光憲""、""黃登山""－""正體字與古典詩文",221
人文類,人文藝術,文化與文學,"漢字文化講堂""－""鄭向恆""－""詩詞曲賞析",292
人文類,人文藝術,文化與文學,臺北采風•中山區文史風情,255
人文類,人文藝術,文化與文學,臺北信義區開拓古道文史,268
人文類,人文藝術,文化與文學,"臺灣新住民文化介紹""－""行政院人事行政總處公務人力發展中心提供",1519
人文類,人文藝術,文化與文學,"劉慧貞""－""客家文學""－""客舍青青",1400
人文類,人文藝術,文化與文學,審美人,232
人文類,人文藝術,文化與文學,"鄭窈窕""－""與書共舞，讀寫感悟",224
人文類,人文藝術,文化與文學,"駱以軍""－""台灣當代小說",0
人文類,人文藝術,文化與文學,"簡媜""－""從見面禮到吃朋友""－""談兩本書兼生活美學之感悟",450
人文類,人文藝術,文化與文學,"聽障奧運""－""聽障奧運的歷史與發展",299
人文類,人文藝術,文化與文學,"聽障奧運""－""聾人文化",331
人文類,人文藝術,形象美學,"美人彩妝""－""中華郵政提供",459
人文類,人文藝術,形象美學,"美容課程""－""觀念基礎篇""－""中華郵政股份有限公司提供",554
人文類,人文藝術,形象美學,"個人形象美學系列""－""李貞宜""－""個人基因色彩分析",815
人文類,人文藝術,形象美學,"個人形象美學系列""－""李貞宜""－""個人開運色彩設計",313
人文類,人文藝術,形象美學,"個人形象美學系列""－""李貞宜""－""魅力宴會華麗妝""（""日宴""）""",385
人文類,人文藝術,形象美學,"個人形象美學系列""－""張麗淑""－""各髮類的種類介紹與應用",576
人文類,人文藝術,形象美學,"個人形象美學系列""－""張麗淑""－""真髮組合應用與編髮技巧",444
人文類,人文藝術,形象美學,"個人形象美學系列""－""張麗淑""－""剪髮技巧與實務操作",784
人文類,人文藝術,形象美學,"個人形象美學系列""－""郭月霞""－""深層清潔敷臉技巧示範與練習",268
人文類,人文藝術,形象美學,"個人形象美學系列""－""黃勇誌""－""手部及足部深層保養",302
人文類,人文藝術,形象美學,"個人形象美學系列""－""廖秀祝""－""指甲概論與彩繪造型",1056
人文類,人文藝術,形象美學,"個人形象美學系列""－""廖秀祝""－""彩繪指甲",262
人文類,人文藝術,形象美學,"個人形象美學系列""－""廖秀祝""－""眼睛修飾畫法與假睫毛裝戴技巧",515
人文類,人文藝術,形象美學,"國際禮儀""－""中華郵政股份有限公司提供",415
人文類,人文藝術,形象美學,基礎繪畫,1506
人文類,人文藝術,形象美學,"驚豔你的視界""－""認識色彩學""－""高雄市政府公務人力發展中心提供",675
人文類,人文藝術,城市與建築,"""[""環境教育""]""大愛發現系列""─""建築變形記""－""大愛衛星電視股份有限公司提供",0
人文類,人文藝術,城市與建築,"""[""環境教育""]""在故事與綠意的轉角""－""發現南港新體驗",2463
人文類,人文藝術,城市與建築,"""[""環境教育""]""江哲銘""－""舊建築""、""新生命""－""永續健康建築趨勢",4599
人文類,人文藝術,城市與建築,"""[""環境教育""]""見證大稻埕的風華",2540
人文類,人文藝術,城市與建築,"""[""環境教育""]""穿城之水""－""找尋失落的水圳記憶",996
人文類,人文藝術,城市與建築,"""[""環境教育""]""認識臺灣走透透""－""傳統建築擺設器物",1883
人文類,人文藝術,城市與建築,"""[""環境教育""]""環保軌跡低碳建築""－""行政院人事行政總處公務人力發展學院提供",6992
人文類,人文藝術,城市與建築,"""【""都市再生學苑系列""】""106年度臺北市社區營造人才培訓計畫核心課程""－""Open Green的前世今生""－""臺北市都市更新處提供",1632
人文類,人文藝術,城市與建築,"""【""都市再生學苑系列""】""106年度臺北市社區營造人才培訓計畫核心課程""－""社區影像 看見不一樣的社區""－""臺北市都市更新處提供",1810
人文類,人文藝術,城市與建築,"""【""都市再生學苑系列""】""106年度臺北市社區營造人才培訓計畫核心課程""－""社區營造是什麼？""－""臺北市都市更新處提供",2404
人文類,人文藝術,城市與建築,住宅設計與工程實務,260
人文類,人文藝術,城市與建築,"金光裕""、""張清華""－""花博建築的美麗力量",488
人文類,人文藝術,城市與建築,"城市美學""－""張基義""－""當代建築與城市發展",252
人文類,人文藝術,城市與建築,"城市美學""－""張基義""－""歐美當代建築",263
人文類,人文藝術,城市與建築,"城市美學""－""陳其澎""－""城市美學系列理論基礎與實務",391
人文類,人文藝術,城市與建築,"城市美學""－""曾光宗""－""根植於文化的日本城市美學系列",480
人文類,人文藝術,城市與建築,"城市美學""－""曾梓峰""－""城市自明性",197
人文類,人文藝術,城市與建築,"城市美學""－""曾梓峰""－""城市的綠",201
人文類,人文藝術,城市與建築,"城市美學""－""蒼井夏樹""－""借鏡日本""－""打造臺北美的競爭力",263
人文類,人文藝術,城市與建築,"城市美學""－""羅時瑋""－""能量驅動型都市主義",244
人文類,人文藝術,城市與建築,"城市美學""－""龔書章""－""中國當代建築",279
人文類,人文藝術,城市與建築,"城市美學""－""龔書章""－""臺灣當代建築",462
人文類,人文藝術,城市與建築,"做好社區溝通""－""社區整合與提案",2802
人文類,人文藝術,城市與建築,"組織信任力""：""達成目標的極速能量""－""高雄市政府公務人力發展中心提供",452
人文類,人文藝術,城市與建築,"都巿生活""─""從公共生活看城巿空間",454
人文類,人文藝術,城市與建築,智慧城市應用實例與現況發展,907
人文類,人文藝術,城市與建築,"漢寶德""－""如何欣賞建築",580
人文類,人文藝術,悠遊生活,"水彩畫家沈國仁""－""國立空中大學提供",119
人文類,人文藝術,悠遊生活,"無障礙旅遊的超級領隊鄭淑勻""－""國立空中大學提供",202
人文類,人文藝術,烹飪飲食,"""[""原住民""]""許建翔""、""劉妙華""－""中式簡餐製作2""－""泰雅狩獵飯""、""打那雞湯""、""豬肉水餃",3684
人文類,人文藝術,烹飪飲食,"""[""原住民""]""麥順英""－""原住民創意糕點伴手禮製作",2652
人文類,人文藝術,烹飪飲食,"月子餐備製""－""臺北市職能發展學院提供",1111
人文類,人文藝術,烹飪飲食,"王嘉平""－""義大利麵體驗工坊",575
人文類,人文藝術,烹飪飲食,米酒與水果酒之釀造,549
人文類,人文藝術,烹飪飲食,"低碳健康行一起來蔬飲""－""行政院人事行政總處公務人力發展學院提供",809
人文類,人文藝術,烹飪飲食,辛香類蔬菜栽培技巧,782
人文類,人文藝術,烹飪飲食,食安下的臺灣旅行,1312
人文類,人文藝術,烹飪飲食,家庭芽菜栽培,638
人文類,人文藝術,烹飪飲食,"浦秀芳""－""虹吸式咖啡",446
人文類,人文藝術,烹飪飲食,健康精品咖啡在我家,1628
人文類,人文藝術,烹飪飲食,這樣吃魚最健康,568
人文類,人文藝術,烹飪飲食,"陳慧珠""－""中式簡餐製作1""－""南瓜鮮味焗烤""、""酒釀共嬋娟",613
人文類,人文藝術,烹飪飲食,當代十大茶法,1068
人文類,人文藝術,烹飪飲食,"詹益淵""－""甜麵包製作",739
人文類,人文藝術,烹飪飲食,"詹益淵""－""硬式麵包製作",447
人文類,人文藝術,烹飪飲食,"謝維權""－""客家美食""－""饕客基因",2457
人文類,人文藝術,戲劇音樂舞蹈,"""[""原住民""]""米干幹理佛克""－""原住民族文化之美""－""語言""、""神話""、""舞蹈""、""音樂",1772
人文類,人文藝術,戲劇音樂舞蹈,"RickyQ""－""印度學舞之酸甜苦辣談2",318
人文類,人文藝術,戲劇音樂舞蹈,"人文素養""：""啟動音樂人生""－""行政院人事行政總處公務人力發展學院提供",921
人文類,人文藝術,戲劇音樂舞蹈,"日據時期的臺灣音樂""－""國立公共資訊圖書館提供",472
人文類,人文藝術,戲劇音樂舞蹈,"陳霖蒼""－""京劇簡介""－""談筱派藝術家陳永玲",552
人文類,人文藝術,戲劇音樂舞蹈,"黃美瑜""－""印度學舞之酸甜苦辣談1",360
人文類,人文藝術,戲劇音樂舞蹈,"傳統音樂與曼妙肢體的對話""－""民族舞蹈",626
人文類,人文藝術,戲劇音樂舞蹈,歌仔戲研習,765
人文類,人文藝術,攝影,"手機拍攝人像""－""臺北市職能發展學院提供",1514
人文類,人文藝術,攝影,"文山草堂""－""國立空中大學提供",503
人文類,人文藝術,攝影,"美食拍攝訣竅""－""臺北市職能發展學院提供",1240
人文類,人文藝術,攝影,"展現臺北風華""－""林瑞興""－""基礎攝影概論",637
人文類,人文藝術,攝影,"展現臺北風華""－""林瑞興""－""認識數位相機與周邊器材",713
人文類,人文藝術,攝影,"展現臺北風華""－""林瑞興""－""攝影技法介紹",1266
人文類,人文藝術,攝影,"靜態商品拍攝""－""臺北市職能發展學院提供",1408
人文類,生命教育,生命關懷,"生命教育系列""－""吳東權""－""來得糊塗走要瀟灑",1813
人文類,生命教育,生命關懷,"生命教育系列""－""杜英輝""－""人生最後一場盛會""－""身後事規劃",786
人文類,生命教育,生命關懷,"生命教育系列""－""周守民""－""讓生命美到最後",3310
人文類,生命教育,生命關懷,"用愛化解恐懼""－""談生老病死的生命智慧",1020
人文類,生命教育,生命關懷,"張莉英""－""悲傷輔導",1428
人文類,生命教育,生命關懷,"單國璽""─""人生必修的一堂課""─""如何面對死亡",729
人文類,生命教育,生命關懷,"新移民生活輔導系列""－""生育保健",1314
人文類,生命教育,生命關懷,"新移民生活輔導系列""－""生活經驗分享""（""外籍""）""",1134
人文類,生命教育,生命關懷,"新移民生活輔導系列""－""生活經驗分享""（""陸籍""）""",1504
人文類,生命教育,生命關懷,"蕭武桐""－""生命價值與生死觀",910
人文類,生命教育,生命關懷,瀕死徵象評估與照顧,2095
人文類,生命教育,生命關懷,靈性照顧經驗分享,2017
人文類,生命教育,勵志心靈,"王建?""－""點亮生命",1172
人文類,生命教育,勵志心靈,"白秀雄""－""社會關懷，參與志願服務",1428
人文類,生命教育,勵志心靈,"朱延平""－""電影人生",720
人文類,生命教育,勵志心靈,"李錫津""－""小兵立大功",1558
人文類,生命教育,勵志心靈,"盲人與法律人""─""視障者卓越人才講座",501
人文類,生命教育,勵志心靈,音樂與我的人生,690
人文類,生命教育,勵志心靈,"孫震""－""人生的探索與選擇",1210
人文類,生命教育,勵志心靈,"逆光築夢．逐夢飛翔""─""視障者卓越人才講座",702
人文類,生命教育,勵志心靈,"高銘和""－""攀登高峰，創造燦爛人生",2911
人文類,生命教育,勵志心靈,"梅襄陽""－""觀?轉個彎生命無限寬",1624
人文類,生命教育,勵志心靈,"游乾桂""－""放手就有桃花源",1674
人文類,生命教育,勵志心靈,"湯健明""－""大愛讓世界亮起來",1037
人文類,生命教育,勵志心靈,給你勇氣，珍愛生命,827
人文類,生命教育,勵志心靈,"跨越視界．夢想起飛""─""視障者卓越人才講座",1059
人文類,生命教育,勵志心靈,"劉必榮""－""國際觀""－""決定您的世界有多大",1489
人文類,生命教育,勵志心靈,"隨緣隨喜""─""任爸的故事",859
人文類,生命教育,勵志心靈,"戴勝益""－""三哇人生",1504
人文類,生命教育,勵志心靈,"點燈系列""－""因為愛不再爆走""－""爆走廚房的故事",1
人文類,生命教育,勵志心靈,"點燈系列""－""你不孤單",1
人文類,生命教育,勵志心靈,"點燈系列""－""我的孩子不是廢棄品""－""林明修的再生藝術",1
人文類,生命教育,勵志心靈,"點燈系列""－""我的喜劇人生""－""趙舜的故事",1
人文類,生命教育,勵志心靈,"點燈系列""－""我的廣播．我的人生""－""石元娜的故事",2
人文類,生命教育,勵志心靈,"點燈系列""－""走過莫拉克，看見曙光",1
人文類,生命教育,勵志心靈,"點燈系列""－""明年你們還會再回來嗎？顏妙桂的故事",1
人文類,生命教育,勵志心靈,"點燈系列""－""東海長青玫瑰""－""羅芳華的故事",3
人文類,生命教育,勵志心靈,"點燈系列""－""為偏鄉孩子圓夢""－""傻瓜劇團的傻勁",1
人文類,生命教育,勵志心靈,"點燈系列""－""音樂．蝴蝶．夢",1
人文類,生命教育,勵志心靈,"讓生命亮起來系列""─""朱學恆""─""三贏的創意人生",0
人文類,生命教育,勵志心靈,"讓生命亮起來系列""─""江偉君""─""輪椅主播",0
人文類,生命教育,勵志心靈,"讓生命亮起來系列""─""何厚華""─""生命轉彎處",0
人文類,生命教育,勵志心靈,"讓生命亮起來系列""─""余秀芷""─""堅持就會看見希望",0
人文類,生命教育,勵志心靈,"讓生命亮起來系列""─""宋睿祥""─""無國界醫師行醫記",0
人文類,生命教育,勵志心靈,"讓生命亮起來系列""─""沈芯菱""─""打造知識公益，以行動愛天下",0
人文類,生命教育,勵志心靈,"讓生命亮起來系列""─""東方比利""：""一個浪子找愛的故事",0
人文類,生命教育,勵志心靈,"讓生命亮起來系列""─""林智勝""─""強棒出擊",0
人文類,生命教育,勵志心靈,"讓生命亮起來系列""─""林睦卿""─""單腳舞動人生",0
人文類,生命教育,勵志心靈,"讓生命亮起來系列""─""夏學曼""─""最後的旅程",0
人文類,生命教育,勵志心靈,"讓生命亮起來系列""─""張平宜""─""用愛打造""「""四川麻瘋小學""」""",0
人文類,生命教育,勵志心靈,"讓生命亮起來系列""─""劉大潭""─""廢物利用",0
人文類,生命教育,勵志心靈,"讓生命亮起來系列""─""撒可努""─""獵人在都市",0
人文類,生命教育,勵志心靈,"讓生命亮起來系列""─""盧慶武""─""人生的單行道",0
人文類,生命教育,勵志心靈,"讓生命亮起來系列""─""薛以柔""─""美麗新""「""視界""」""",0
人文類,自然科普,天文地理,"""[""微課程""]""等待15年，火星近了！",99
人文類,自然科普,天文地理,"""[""環境教育""]""NASA地球任務""─""從太空看地球",5559
人文類,自然科普,天文地理,"""[""環境教育""]""由天地玄黃宇宙洪荒""－""談天體碰撞與人類歷史",1244
人文類,自然科普,天文地理,"""[""環境教育""]""地震教我們的事",3273
人文類,自然科普,天文地理,"""[""環境教育""]""阿塔卡馬沙漠上的天文台—ALMA",781
人文類,自然科普,天文地理,"""[""環境教育""]""哇！宇宙怎麼有那麼大",1097
人文類,自然科普,天文地理,"""[""環境教育""]""氣象與防災",5977
人文類,自然科普,天文地理,"""[""環境教育""]""從《蘭譜》發現日據時期養蘭之風氣""－""國立公共資訊圖書館提供",407
人文類,自然科普,天文地理,"""[""環境教育""]""創造者對基隆河的雕琢""－""河口到源頭走一趟",1255
人文類,自然科普,天文地理,"""[""環境教育""]""臺灣特殊地景賞析""－""石話實說",2315
人文類,自然科普,天文地理,"天文年談星""－""吳昆臻""－""天狗食日",839
人文類,自然科普,天文地理,"天文年談星""－""趙瑞青""－""天文年來數星星",814
人文類,自然科普,天文地理,望遠鏡發展史,1483
人文類,自然科普,天文地理,淺談彗星攝影,944
人文類,自然科普,天文地理,"游淑慧""－""居家設計風水主義",896
人文類,自然科普,天文地理,"網路公民的 力量""－""如何在網路世界參與天文研究",961
人文類,自然科普,天文地理,"臺灣的糖業""－""國立公共資訊圖書館提供",370
人文類,自然科普,天文地理,"韓良露""－""南村落的夏至節氣生活美學",729
人文類,自然科普,環境生態,"""[""環境教育""]""""【""107年專班""】""桃園市政府環境保護局環境清潔稽查大隊環保志工特殊教育訓練",12623
人文類,自然科普,環境生態,"""[""環境教育""]""360環景""－""士林區原野博物記趣",2105
人文類,自然科普,環境生態,"""[""環境教育""]""360環景""－""中正區府城風華巡禮",1601
人文類,自然科普,環境生態,"""[""環境教育""]""360環景""－""北投區人文自然紀行",2230
人文類,自然科普,環境生態,"""[""環境教育""]""Hot剋任務""─""愛地球關鍵行動",1008
人文類,自然科普,環境生態,"""[""環境教育""]""大立菊培育與繁殖",570
人文類,自然科普,環境生態,"""[""環境教育""]""大立菊繼續課程",566
人文類,自然科普,環境生態,"""[""環境教育""]""大愛發現系列""─""Taiwan海洋百年風華""－""大愛衛星電視股份有限公司提供",0
人文類,自然科普,環境生態,"""[""環境教育""]""大愛發現系列""─""大自然的染色家""－""大愛衛星電視股份有限公司提供",0
人文類,自然科普,環境生態,"""[""環境教育""]""大愛發現系列""─""台北盆地大事件""－""大愛衛星電視股份有限公司提供",0
人文類,自然科普,環境生態,"""[""環境教育""]""大愛發現系列""─""活水""－""大愛衛星電視股份有限公司提供",0
人文類,自然科普,環境生態,"""[""環境教育""]""大愛發現系列""─""基隆河的故事""－""大愛衛星電視股份有限公司提供",0
人文類,自然科普,環境生態,"""[""環境教育""]""大愛發現系列""─""都市環境生物指標""－""大愛衛星電視股份有限公司提供",0
人文類,自然科普,環境生態,"""[""環境教育""]""大愛發現系列""─""溪流裡的精靈""－""大愛衛星電視股份有限公司提供",0
人文類,自然科普,環境生態,"""[""環境教育""]""大愛發現系列""─""還我風華""－""當古蹟遇上科技""－""大愛衛星電視股份有限公司提供",1
人文類,自然科普,環境生態,"""[""環境教育""]""內湖生態學",688
人文類,自然科普,環境生態,"""[""環境教育""]""北投好好""─""文化生態生活",804
人文類,自然科普,環境生態,"""[""環境教育""]""打造我們的田園夢""─""社區園圃的規劃與基礎建置",11449
人文類,自然科普,環境生態,"""[""環境教育""]""本土雜糧復耕進行曲",2192
人文類,自然科普,環境生態,"""[""環境教育""]""瓜豆果菜容器栽培技術",1958
人文類,自然科普,環境生態,"""[""環境教育""]""生物多樣性創新生活""－""實例篇""－""行政院人事行政總處公務人力發展學院提供",271
人文類,自然科普,環境生態,"""[""環境教育""]""生態工程設計及監督實務與缺失案例解說""－""行政院公共工程委員會提供",1395
人文類,自然科普,環境生態,"""[""環境教育""]""生態城市營造實例與現況發展",2540
人文類,自然科普,環境生態,"""[""環境教育""]""生態觀察輕鬆行""－""常見野菜介紹",2880
人文類,自然科普,環境生態,"""[""環境教育""]""田野調查和社區營造",684
人文類,自然科普,環境生態,"""[""環境教育""]""全球農學風""－""自己的飯碗自己顧",873
人文類,自然科普,環境生態,"""[""環境教育""]""因應全球暖化""－""節能減碳",2937
人文類,自然科普,環境生態,"""[""環境教育""]""在城市把菜種好""－""種菜的眉眉角角",14217
人文類,自然科普,環境生態,"""[""環境教育""]""在轉角遇到Astronomy ""－""日常生活裡的天文",1477
人文類,自然科普,環境生態,"""[""環境教育""]""多肉植物繁殖與栽培",918
人文類,自然科普,環境生態,"""[""環境教育""]""如影隨形的塑化劑""－""從""「""保鮮膜""」""談起",911
人文類,自然科普,環境生態,"""[""環境教育""]""宇宙的顫抖",9677
人文類,自然科普,環境生態,"""[""環境教育""]""守護一條溪塑造珍愛鄉土的人民",658
人文類,自然科普,環境生態,"""[""環境教育""]""有機病蟲害綜合防治",938
人文類,自然科普,環境生態,"""[""環境教育""]""走出來的海洋環境教育",6831
人文類,自然科普,環境生態,"""[""環境教育""]""辛香類蔬菜容器栽培技術",2859
人文類,自然科普,環境生態,"""[""環境教育""]""居家變花園",2353
人文類,自然科普,環境生態,"""[""環境教育""]""果菜類蔬菜盆植栽培教學",593
人文類,自然科普,環境生態,"""[""環境教育""]""社區園圃經營案例分享""（""社福篇""）""""－""大安老人服務中心開心農場",853
人文類,自然科普,環境生態,"""[""環境教育""]""社區園圃經營案例分享""（""鄰里篇""）""""－""德行里繽紛農趣",1408
人文類,自然科普,環境生態,"""[""環境教育""]""社區園圃經營案例分享""（""學校篇""）""""－""建國中學",900
人文類,自然科普,環境生態,"""[""環境教育""]""社區園圃經營案例分享""（""醫院篇""）""""－""聯合醫院松德院區",931
人文類,自然科普,環境生態,"""[""環境教育""]""邱慶耀""－""週休二日，讓我們遊山玩水去",1103
人文類,自然科普,環境生態,"""[""環境教育""]""邵文政""－""健康綠建材與室內空氣品質",780
人文類,自然科普,環境生態,"""[""環境教育""]""邵文政""－""認識綠建築",531
人文類,自然科普,環境生態,"""[""環境教育""]""城市綠藝成果發表研討會",3353
人文類,自然科普,環境生態,"""[""環境教育""]""城市養蜂體驗",1440
人文類,自然科普,環境生態,"""[""環境教育""]""屋頂上的食物森林",3550
人文類,自然科普,環境生態,"""[""環境教育""]""看樹看花看果實",1849
人文類,自然科普,環境生態,"""[""環境教育""]""食物不浪費，一個互助的田園城市",5595
人文類,自然科普,環境生態,"""[""環境教育""]""食品安全與食品添加物的關係",9441
人文類,自然科普,環境生態,"""[""環境教育""]""香草與生活的運用""－""香草入菜",16646
人文類,自然科普,環境生態,"""[""環境教育""]""家庭有機蔬菜類栽培技術",1051
人文類,自然科普,環境生態,"""[""環境教育""]""根莖類蔬菜盆植栽培教學",726
人文類,自然科普,環境生態,"""[""環境教育""]""健康蔬果飲食不二法門",11003
人文類,自然科普,環境生態,"""[""環境教育""]""康世昊""－""航行護水樂",440
人文類,自然科普,環境生態,"""[""環境教育""]""從友善開始的農耕",1429
人文類,自然科普,環境生態,"""[""環境教育""]""從跟著雨水去散步談都市水資源教育",859
人文類,自然科普,環境生態,"""[""環境教育""]""清淨家園""（""Ecolife""）""社區推動環境改造實務""－""行政院人事行政總處公務人力發展學院提供",648
人文類,自然科普,環境生態,"""[""環境教育""]""清淨家園""（""Ecolife""）""社區綠美化""－""行政院人事行政總處公務人力發展學院提供",635
人文類,自然科普,環境生態,"""[""環境教育""]""都會公園的生態願景",1094
人文類,自然科普,環境生態,"""[""環境教育""]""陳建志""－""自然生態觀察與體驗",639
人文類,自然科普,環境生態,"""[""環境教育""]""魚菜共生農業工廠",4857
人文類,自然科普,環境生態,"""[""環境教育""]""善用森林解救暖化危機""－""行政院人事行政總處公務人力發展學院提供",936
人文類,自然科普,環境生態,"""[""環境教育""]""揭開台北生態密碼",724
人文類,自然科普,環境生態,"""[""環境教育""]""植物園生態巡禮""－""與植物為鄰",635
人文類,自然科普,環境生態,"""[""環境教育""]""減碳的另類思考""─""『從那兒來回那兒去』""－""行政院人事行政總處公務人力發展學院提供",845
人文類,自然科普,環境生態,"""[""環境教育""]""發現臺灣鄉土之美",3107
人文類,自然科普,環境生態,"""[""環境教育""]""園圃的社會療癒",24845
人文類,自然科普,環境生態,"""[""環境教育""]""愛護及守護河川",981
人文類,自然科普,環境生態,"""[""環境教育""]""節能減碳新生活""－""行政院人事行政總處公務人力發展學院提供",777
人文類,自然科普,環境生態,"""[""環境教育""]""葉菜類蔬菜盆植栽培教學",1026
人文類,自然科普,環境生態,"""[""環境教育""]""蜂蜜與食安",24976
人文類,自然科普,環境生態,"""[""環境教育""]""蜂類授粉與蜜粉源植物簡介",8916
人文類,自然科普,環境生態,"""[""環境教育""]""農園果樹栽培與運用",913
人文類,自然科普,環境生態,"""[""環境教育""]""農園噴灌實務與技巧",660
人文類,自然科普,環境生態,"""[""環境教育""]""慢遊台北人文環境",847
人文類,自然科普,環境生態,"""[""環境教育""]""綠建築暨節能運用",3049
人文類,自然科普,環境生態,"""[""環境教育""]""臺北市生態特性與建構田園",26624
人文類,自然科普,環境生態,"""[""環境教育""]""臺北市推動田園政策之我見",663
人文類,自然科普,環境生態,"""[""環境教育""]""臺北市樹木修剪技術教育訓練",1284
人文類,自然科普,環境生態,"""[""環境教育""]""臺灣的生態特色",5355
人文類,自然科普,環境生態,"""[""環境教育""]""與大自然和諧相處樂活人生",885
人文類,自然科普,環境生態,"""[""環境教育""]""與氣候共舞",1678
人文類,自然科普,環境生態,"""[""環境教育""]""認識生態攝影",2042
人文類,自然科普,環境生態,"""[""環境教育""]""認識蔬菜分類及繁殖技巧",1235
人文類,自然科普,環境生態,"""[""環境教育""]""颱風與氣候變遷",1124
人文類,自然科普,環境生態,"""[""環境教育""]""劉益昌""－""尋找臺北生命原鄉淡水河",687
人文類,自然科普,環境生態,"""[""環境教育""]""蝶舞芝蘭",1298
人文類,自然科普,環境生態,"""[""環境教育""]""樹木修剪""（""修剪技術篇""）""",518
人文類,自然科普,環境生態,"""[""環境教育""]""樹木修剪的基礎知識",579
人文類,自然科普,環境生態,"""[""環境教育""]""樹木移植""（""技術篇""）""",495
人文類,自然科普,環境生態,"""[""環境教育""]""餐桌上的綠色幸福",1666
人文類,自然科普,環境生態,"""[""環境教育""]""營造一個人與自然和諧互動的幸福社區",680
人文類,自然科普,環境生態,"""[""環境教育""]""環境信託_給大地一個永恆的許諾""－""高雄市政府公務人力發展中心提供",751
人文類,自然科普,環境生態,"""[""環境教育""]""環境倫理與永續發展""－""行政院人事行政總處公務人力發展學院提供",387
人文類,自然科普,環境生態,"""[""環境教育""]""環境解說與教學技巧",2459
人文類,自然科普,環境生態,"""[""環境教育""]""繽紛的生命""－""淺談生物多樣性""－""海洋篇""－""行政院人事行政總處公務人力發展學院提供",557
人文類,自然科普,環境生態,"""[""環境教育""]""繽紛的生命""－""淺談生物多樣性""－""應用篇""－""行政院人事行政總處公務人力發展學院提供",363
人文類,自然科普,環境生態,"""[""環境教育""]""觀葉植物繁殖與栽培",848
人文類,自然科普,環境生態,"王信二""－""輻射防護與安全""（""民眾版""）""",405
人文類,自然科普,環境生態,"王信二""－""輻射防護與安全""（""專業版""）""",212
人文類,自然科普,環境生態,"何立德""－""親親鄉鎮""－""帶著背包去旅行",629
人文類,自然科普,環境生態,廚餘減量與養生應用,624
人文類,法律理財,法律與生活,"""[""環境教育""]""防火宣導要領與防災新知",4417
人文類,法律理財,法律與生活,"了解行人路權，走得更安全""－""臺北市政府交通局提供",653
人文類,法律理財,法律與生活,"交通安全您不能不知道系列""─""力""、""速度""、""重量與行車安全""－""交通部提供",302
人文類,法律理財,法律與生活,"交通安全您不能不知道系列""─""行車有序""－""認識交通標誌""、""標線及號誌""－""交通部提供",735
人文類,法律理財,法律與生活,"交通安全您不能不知道系列""─""我的飲酒問題有多嚴重""－""交通部提供",266
人文類,法律理財,法律與生活,"交通安全您不能不知道系列""─""酒精對人體及駕駛行為影響""－""交通部提供",288
人文類,法律理財,法律與生活,"交通安全您不能不知道系列""─""道路交通事故處理常識""－""臺北市政府交通局提供",1135
人文類,法律理財,法律與生活,"交通安全您不能不知道系列""─""輪胎的認識""、""保養及爆胎預防""（""上""）""""－""交通部提供",347
人文類,法律理財,法律與生活,"交通安全您不能不知道系列""─""輪胎的認識""、""保養及爆胎預防""（""下""）""""－""交通部提供",323
人文類,法律理財,法律與生活,"交通安全您不能不知道系列""─""騎乘機車安全""－""交通部提供",527
人文類,法律理財,法律與生活,"守護正義的防線""－""霸凌不要來""－""高雄市政府公務人力發展中心提供",1205
人文類,法律理財,法律與生活,"自行車安全騎乘數位課程""－""臺北市政府交通局提供",656
人文類,法律理財,法律與生活,"兒童交通事故傷害預防及行的安全""－""臺北市政府衛生局提供",793
人文類,法律理財,法律與生活,房屋買賣與相關消費爭議,1320
人文類,法律理財,法律與生活,"林旺根""－""買屋賣屋基本常識",0
人文類,法律理財,法律與生活,契約訂約注意事項及常見糾紛預防,658
人文類,法律理財,法律與生活,"教育""、""文化""、""公益""、""慈善機關或團體所得稅申報",864
人文類,法律理財,法律與生活,淺談都市更新,632
人文類,法律理財,法律與生活,"新移民生活輔導系列""－""戶籍法令介紹",1990
人文類,法律理財,法律與生活,"新移民生活輔導系列""－""居留及設籍輔導",4169
人文類,法律理財,法律與生活,"路口停讓，安全至上""－""交通部道路交通安全督導委員會提供",1208
人文類,法律理財,法律與生活,"認識安全帽""、""安全帶及安全座椅防護功能""－""交通部提供",277
人文類,法律理財,法律與生活,"認識視野""、""視野死角與內輪差""－""交通部提供",323
人文類,法律理財,法律與生活,"機車道路交通事故案例分析""－""交通部公路總局提供",1528
人文類,法律理財,法律與生活,證券交易稅條例介紹,274
人文類,法律理財,個人理財,不動產移轉DIY,701
人文類,法律理財,個人理財,"邱淨德""－""全家一齊來理財",1042
人文類,法律理財,個人理財,"退休生活有得靠""－""退休人員的理財規劃",2036
人文類,法律理財,個人理財,"許啟智""－""理財集中贏",831
人文類,法律理財,個人理財,"傅澤偉""－""理財靠自己",1107
人文類,法律理財,個人理財,"創業圓夢系列""－""商圈調查與店面選址",579
人文類,法律理財,個人理財,"創業圓夢系列""－""新創事業人力資源管理與培訓",676
人文類,法律理財,個人理財,"創業圓夢系列""－""新創事業風險評估與財務規劃",836
人文類,法律理財,個人理財,"創業圓夢系列""－""價值感提升商品設計包裝術",876
人文類,法律理財,個人理財,"楊賢英""－""生活中快樂的省錢術",1200
人文類,法律理財,個人理財,"劉凱平""－""多少才夠？重新定義你對財富的看法",754
人文類,法律理財,個人理財,"歐陽莉""－""食衣住行的消費新觀念",820
人文類,法律理財,個人理財,營利事業免稅所得相關成本費用損失分攤辦法,299
人文類,法律理財,個人理財,"營利事業所得稅網路申報""－""財政部臺北市國稅局提供",1020
人文類,法律理財,個人理財,營利事業結算申報應注意事項,299
人文類,家庭教育,溝通技巧,"""[""性別主流化""]""愛情方程式解碼",1514
人文類,家庭教育,溝通技巧,"""[""性別主流化""]""樊雪春""－""預約幸福""－""兩性相處的藝術",2080
人文類,家庭教育,溝通技巧,"王行""－""男性在家庭",0
人文類,家庭教育,溝通技巧,"新移民生活輔導系列""－""社福教育資源介紹與座談",3417
人文類,家庭教育,親職教育,"""[""性別主流化""]""婚姻教育""、""性別教育""：""步入婚姻，邁向幸福",1768
人文類,家庭教育,親職教育,"李家同""－""我國教育上的重大問題",0
人文類,家庭教育,親職教育,"法鼓系列""－""叛逆中年""（""1""）""""－""我的世界在崩解",831
人文類,家庭教育,親職教育,"法鼓系列""－""叛逆中年""（""2""）""""－""抓住青春的尾巴",800
人文類,家庭教育,親職教育,"法鼓系列""－""叛逆中年""（""3""）""""－""中年再叛逆",779
人文類,家庭教育,親職教育,"法鼓系列""－""叛逆中年""（""4""）""""－""放下的幸福",855
人文類,家庭教育,親職教育,"法鼓系列""－""叛逆中年""（""5""）""""－""人生中年最優美",927
人文類,家庭教育,親職教育,"法鼓系列""－""烽火家人""（""1""）""風火家人""－""原生家庭的烙印",816
人文類,家庭教育,親職教育,"法鼓系列""－""烽火家人""（""2""）""烽火家人""－""相愛容易相處難",846
人文類,家庭教育,親職教育,"法鼓系列""－""烽火家人""（""3""）""封火家人""－""與家庭和解的時候",760
人文類,家庭教育,親職教育,"法鼓系列""－""烽火家人""（""4""）""豐活家人""－""家是豐富生命的活水",763
人文類,家庭教育,親職教育,"洪仁進""－""父母對子女的教育期望與管教",2389
人文類,家庭教育,親職教育,"家人關係與祖孫共學""：""親子learning""、""老人shining",1417
人文類,家庭教育,親職教育,"家庭教育""－""孝道""、""親子衝突與自主性""－""臺北市家庭教育中心提供",5975
人文類,家庭教育,親職教育,"家庭教育法""：""家庭""、""學校""、""社區的三角習題",1060
人文類,家庭教育,親職教育,"家庭教育諮商或輔導""：""點亮家庭中的那一盞燈",1357
人文類,家庭教育,親職教育,"教出品德精華版""：""預約下一代的幸福""－""高雄市政府公務人力發展中心提供",2140
人文類,家庭教育,親職教育,"郭宏基""－""如何與孩子談情""（""性""）""?愛",1832
人文類,家庭教育,親職教育,"陳膺宇""－""讓孩子從錯誤中學習",2922
人文類,家庭教育,親職教育,"愛，讓孩子做自己""－""臺北市家庭教育中心提供",8987
人文類,家庭教育,親職教育,"愛的必修課""－""臺北市家庭教育中心提供",3232
人文類,家庭教育,親職教育,"蔡志忠""－""三把屠龍刀",1165
人文類,家庭教育,親職教育,談親子關係動力,6286
人文類,家庭教育,親職教育,"讓我安全長大""－""找出家中隱藏危機""－""潛在居家環境危險群""－""臺北市政府衛生局提供",810
人文類,家庭教育,親職教育,"讓我安全長大""－""帶著孩子去旅行""－""走出家門，這樣做""－""臺北市政府衛生局提供",1057
人文類,家庭教育,親職教育,"讓我安全長大""－""嬰仔睏一瞑大一寸""－""如何營造舒適安全睡眠環境""－""臺北市政府衛生局提供",741
人文類,醫療保健,心理衛生,"打造樂齡心生活""－""淺談懷舊活動",459
人文類,醫療保健,心理衛生,"自殺防治守門人""－""臺北市政府衛生局提供",2629
人文類,醫療保健,心理衛生,"自殺防治與憂鬱症及心情溫度計""－""台灣自殺防治學會提供",808
人文類,醫療保健,心理衛生,"你我都是自殺防治守門人""－""地方行政研習中心提供",1
人文類,醫療保健,心理衛生,災難心理衛生安心服務課程,264
人文類,醫療保健,心理衛生,"幸福捕手．嘿皮人生GO~GO~GO！""－""新北市政府衛生局提供",3421
人文類,醫療保健,心理衛生,"珍愛生命""、""樂活職場""－""台灣自殺防治學會提供",406
人文類,醫療保健,心理衛生,"珍愛生命守門人1問2應3轉介""－""台灣自殺防治學會提供",331
人文類,醫療保健,心理衛生,"珍愛生命守門人""－""校園""－""台灣自殺防治學會提供",559
人文類,醫療保健,心理衛生,"常見精神疾病1""－""精神疾病的認識與治療照護""－""行政院衛生署醫院管理委員會提供",0
人文類,醫療保健,心理衛生,"常見精神疾病2""－""憂鬱症含自殺防治及家庭暴力的認識與防治""－""行政院衛生署醫院管理委員會提供",0
人文類,醫療保健,心理衛生,"常見精神疾病3""－""認識及如何面對精神官能症與物質濫用""－""行政院衛生署醫院管理委員會提供",1
人文類,醫療保健,心理衛生,"常見精神疾病4""－""重大精神病""－""行政院衛生署醫院管理委員會提供",0
人文類,醫療保健,心理衛生,"常見精神疾病5""－""認識及如何面對兒童與老人精神疾病""－""行政院衛生署醫院管理委員會提供",0
人文類,醫療保健,心理衛生,"聆聽憂鬱的心""－""談憂鬱症",0
人文類,醫療保健,心理衛生,認識自殺防治,1
人文類,醫療保健,心理衛生,"壓力管理與自殺防治""－""台灣自殺防治學會提供",926
人文類,醫療保健,心理衛生,"鍾昭瑛""－""認識精神疾病及其處理",532
人文類,醫療保健,心理衛生,"羅秋怡""、""陳韺""－""心理健康指數診斷概念",546
人文類,醫療保健,代謝症候群,大腹翁？！小腹婆？！漫談代謝症候群,933
人文類,醫療保健,代謝症候群,"中風及其他腦血管疾病1""－""認識中風與大腦結構；中風的預防及急救方式""－""行政院衛生署醫院管理委員會提供",0
人文類,醫療保健,代謝症候群,"中風及其他腦血管疾病2""－""中風常見問題及均衡飲食""－""行政院衛生署醫院管理委員會提供",0
人文類,醫療保健,代謝症候群,"中風及其他腦血管疾病3""－""中風所產生的後遺症及併發症；中風患者的復健及居家護理""－""行政院衛生署醫院管理委員會提供",0
人文類,醫療保健,代謝症候群,"中風及其他腦血管疾病4""－""兒童中風""、""動脈瘤""、""社會福利""、""高科技健檢""－""行政院衛生署醫院管理委員會提供",0
人文類,醫療保健,代謝症候群,"中風及其他腦血管疾病5""－""腦中風的細胞治療""－""行政院衛生署醫院管理委員會提供",0
人文類,醫療保健,代謝症候群,"王怡智""－""心血管疾病介紹",491
人文類,醫療保健,代謝症候群,"成人健康體位_終結肥胖""「""享瘦""」""健康""－""高雄市政府公務人力發展中心提供",662
人文類,醫療保健,代謝症候群,"高血壓及心臟疾病1""－""高血壓簡介""－""行政院衛生署醫院管理委員會提供",0
人文類,醫療保健,代謝症候群,"高血壓及心臟疾病2""－""常見高血壓種類；冠心症簡介""－""行政院衛生署醫院管理委員會提供",0
人文類,醫療保健,代謝症候群,"楊偉勛""－""糖尿病防治講座",0
人文類,醫療保健,代謝症候群,"糖尿病2""－""糖尿病人的自我監測""、""飲食控制及自我照護""－""行政院衛生署醫院管理委員會提供",0
人文類,醫療保健,代謝症候群,"糖尿病3""－""糖尿病患之飲食原則""、""自我監測""－""行政院衛生署醫院管理委員會提供",0
人文類,醫療保健,代謝症候群,"糖尿病4""－""糖尿病特殊群體的飲食原則""、""連續血糖監測系統""、""胰島素注射""、""注意事項""、""日常生活保健""－""行政院衛生署醫院管理委員會提供",0
人文類,醫療保健,代謝症候群,"糖尿病5""－""糖尿病全程照護與品質改善及自我照護學習""－""行政院衛生署醫院管理委員會提供",0
人文類,醫療保健,呼吸系統,"氣喘及慢性呼吸道阻塞性疾病1""－""氣喘診療指引""－""行政院衛生署醫院管理委員會提供",0
人文類,醫療保健,呼吸系統,"氣喘及慢性呼吸道阻塞性疾病2""－""慢性阻塞性肺疾診療指引""－""行政院衛生署醫院管理委員會提供",0
人文類,醫療保健,呼吸系統,"氣喘及慢性呼吸道阻塞性疾病3""－""引起喘的各種疾病的鑑別診斷""－""行政院衛生署醫院管理委員會提供",0
人文類,醫療保健,呼吸系統,"氣喘及慢性呼吸道阻塞性疾病4""－""肺病新知""、""藥物及呼吸輔助用品的使用""－""行政院衛生署醫院管理委員會提供",0
人文類,醫療保健,呼吸系統,"氣喘及慢性呼吸道阻塞性疾病5""－""氣喘""（""含小兒氣喘""）""""、""慢性阻塞性肺病最新指引的改變""－""行政院衛生署醫院管理委員會提供",0
人文類,醫療保健,泌尿系統,"腎臟疾病1""－""認識腎臟與腎臟病""－""行政院衛生署醫院管理委員會提供",0
人文類,醫療保健,泌尿系統,"腎臟疾病2""－""系統性腎臟疾病""－""行政院衛生署醫院管理委員會提供",0
人文類,醫療保健,泌尿系統,"腎臟疾病3""－""原發性腎臟疾病""－""行政院衛生署醫院管理委員會提供",0
人文類,醫療保健,泌尿系統,"腎臟疾病4""－""腎臟疾病的預防""、""一般及特殊腎臟疾病之治療""－""行政院衛生署醫院管理委員會提供",0
人文類,醫療保健,泌尿系統,"腎臟疾病5""－""透析治療與腎臟移植""－""行政院衛生署醫院管理委員會提供",0
人文類,醫療保健,風濕與關節,"常見肩部關節疾病""－""行政院衛生署醫院管理委員會提供",0
人文類,醫療保健,消化系統,"慢性肝病及肝硬化1""－""肝病""、""肝病檢查介紹及慢性B型肝炎""－""行政院衛生署醫院管理委員會提供",0
人文類,醫療保健,消化系統,"慢性肝病及肝硬化2""－""認識慢性C型肝炎及A""、""D""、""E型肝炎""－""行政院衛生署醫院管理委員會提供",0
人文類,醫療保健,消化系統,"慢性肝病及肝硬化3""－""其他種類肝炎及肝硬化""－""行政院衛生署醫院管理委員會提供",0
人文類,醫療保健,消化系統,"慢性肝病及肝硬化4""－""肝硬化的併發症及肝癌""－""行政院衛生署醫院管理委員會提供",0
人文類,醫療保健,消化系統,"慢性肝病及肝硬化5""－""良性肝腫瘤及肝移植""－""行政院衛生署醫院管理委員會提供",0
人文類,醫療保健,健康知識,"""[""LIVE""]""另類『宅經濟』""─""母雞的力量介紹篇",1
人文類,醫療保健,健康知識,"""[""微課程""]""教狗狗如何定點大小便",93
人文類,醫療保健,健康知識,"""[""微課程""]""亂吠亂叫，汪汪狗語來解讀",85
人文類,醫療保健,健康知識,"""[""環境教育""]""在地節氣青草自然養生",977
人文類,醫療保健,健康知識,K他命對泌尿系統的傷害,843
人文類,醫療保健,健康知識,"口腔預防保健基本概念及方法""－""臺北市職能發展學院提供",487
人文類,醫療保健,健康知識,小心！毒就在你身邊,890
人文類,醫療保健,健康知識,"不孕症的原因及治療""（""含測驗""）""""－""教材獲AA認證",260
人文類,醫療保健,健康知識,"中醫養生學""－""疾病防治保健",254
人文類,醫療保健,健康知識,元氣樂齡成功老化,217
人文類,醫療保健,健康知識,"分工分得巧""、""診所醫院一樣好""─""分級醫療與轉診""－""衛生福利部中央健康保險署提供",1137
人文類,醫療保健,健康知識,"心肺復甦術""（""CPR""）""",631
人文類,醫療保健,健康知識,"另類""「""宅經濟""」""""─""母雞的力量介紹篇",3822
人文類,醫療保健,健康知識,"台灣健保 世界比一比""－""衛生福利部中央健康保險署提供",130
人文類,醫療保健,健康知識,幼兒居家安全,493
人文類,醫療保健,健康知識,"休閒活動對銀髮族的影響""－""臺北市職能發展學院提供",1421
人文類,醫療保健,健康知識,如何與狗狗快樂玩玩具,932
人文類,醫療保健,健康知識,"安全照護與輔具應用""（""含移位""、""拍背""、""擺位技巧等""）""""－""臺北市政府社會局提供",538
人文類,醫療保健,健康知識,"安全照護與輔具應用《印尼文版》""（""含移位""、""拍背""、""擺位技巧等""）""""－""臺北市政府社會局提供",309
人文類,醫療保健,健康知識,安排狗狗戶外活動,988
人文類,醫療保健,健康知識,"成功老化""：""樂齡族的健康銀行",252
人文類,醫療保健,健康知識,成癮是一種慢性疾病,132
人文類,醫療保健,健康知識,"早期失智症就業服務""－""臺北市勞動力重建運用處提供",547
人文類,醫療保健,健康知識,有毒癮者就愛滋是嗎？,1507
人文類,醫療保健,健康知識,"老人失智症""－""行政院衛生署醫院管理委員會提供",0
人文類,醫療保健,健康知識,老人居家安全,543
人文類,醫療保健,健康知識,"吳寶芬""－""吃出健康活出元氣",272
人文類,醫療保健,健康知識,快樂狗兒的身心健康教養法,1088
人文類,醫療保健,健康知識,"戒毒成功人士分享""－""開啟新人生",103
人文類,醫療保健,健康知識,戒菸的方法與策略,564
人文類,醫療保健,健康知識,"更年期調適與飲食保健""（""含愛滋病防治與權益宣導""）""",875
人文類,醫療保健,健康知識,"使用""「""雲端查詢系統""」""""─""用藥不重複""－""衛生福利部中央健康保險署提供",743
人文類,醫療保健,健康知識,"協助上下床""－""臺北市職能發展學院提供",211
人文類,醫療保健,健康知識,"居家照護""－""管路照護",369
人文類,醫療保健,健康知識,旺喵星人是家中好成員,135
人文類,醫療保健,健康知識,"易讀概念與身心障礙者資訊平權的關係""－""臺北市勞動力重建運用處提供",590
人文類,醫療保健,健康知識,狗狗互動管理,1026
人文類,醫療保健,健康知識,"肥胖症""－""行政院衛生署醫院管理委員會提供",0
人文類,醫療保健,健康知識,長照新趨勢,3739
人文類,醫療保健,健康知識,"保命防跌""－""做個快樂不倒翁""－""教材獲AA認證",348
人文類,醫療保健,健康知識,"冠狀動脈狹窄的治療及支架的介紹""－""衛生福利部中央健康保險署提供",212
人文類,醫療保健,健康知識,"姚仁青""－""骨頭空空怎麼辦",256
人文類,醫療保健,健康知識,急救技能叫叫CD訓練,566
人文類,醫療保健,健康知識,毒品危害防制課程,717
人文類,醫療保健,健康知識,毒品危害防制課程之一,2771
人文類,醫療保健,健康知識,毒品施用者復原自我照顧,575
人文類,醫療保健,健康知識,活著，是為了感受幸福,869
人文類,醫療保健,健康知識,"個人化醫學及台灣人體生物資料庫""－""國立空中大學提供",362
人文類,醫療保健,健康知識,"厝邊的健康守護者""─""基層診所與家庭醫師""－""衛生福利部中央健康保險署提供",1663
人文類,醫療保健,健康知識,紓壓抗疲，調節免疫,314
人文類,醫療保健,健康知識,脊椎伸展操,670
人文類,醫療保健,健康知識,"退休人員身""、""心""、""靈養生之道",2073
人文類,醫療保健,健康知識,"健保常見特材介紹""－""人工水晶體""、""髖關節及心臟瓣膜""－""衛生福利部中央健康保險署提供",494
人文類,醫療保健,健康知識,"健康""、""瘦身""─""由抒壓開始",284
人文類,醫療保健,健康知識,健康在飲食裡,380
人文類,醫療保健,健康知識,"健康星際探險趣""－""認識慢性疾病""－""衛生福利部中央健康保險署提供",567
人文類,醫療保健,健康知識,"健康美麗坐月子""－""臺北市職能發展學院提供",929
人文類,醫療保健,健康知識,"健康情緒把把脈""－""中醫食療帶您吃出好心情",1039
人文類,醫療保健,健康知識,健康減重講座,214
人文類,醫療保健,健康知識,健康飲食你我知,1013
人文類,醫療保健,健康知識,"健康管理的策略及作法""－""成為自己健康的主人""－""行政院人事行政總處公務人力發展中心提供",819
人文類,醫療保健,健康知識,"健康樂齡 健保挺你""－""衛生福利部中央健康保險署提供",195
人文類,醫療保健,健康知識,健康檢查知多少,398
人文類,醫療保健,健康知識,健檢的重要,428
人文類,醫療保健,健康知識,"崔儀珮""－""健康兩點靈""－""嗅出好心情""－""樂活生活芳香饗宴",192
人文類,醫療保健,健康知識,"張步桃""－""現代養生觀",293
人文類,醫療保健,健康知識,淺談毒品法制你我他,121
人文類,醫療保健,健康知識,"被動關節運動""－""臺北市職能發展學院提供",228
人文類,醫療保健,健康知識,"舒活健身操""－""行政院人事行政總處公務人力發展中心提供",415
人文類,醫療保健,健康知識,愛滋照護面面觀,2210
人文類,醫療保健,健康知識,"照顧好貼心""、""家人好安心""－""照顧技巧篇",325
人文類,醫療保健,健康知識,"照顧好貼心""、""家人好安心""－""照顧機構篇",581
人文類,醫療保健,健康知識,"照顧好貼心""、""家人好安心""－""輔具及環境篇",519
人文類,醫療保健,健康知識,當代台灣成癮問題,124
人文類,醫療保健,健康知識,"葉錦瑩""－""認識職場健康",192
人文類,醫療保健,健康知識,"跳養教育""－""青少年危機預防與家庭教育",392
人文類,醫療保健,健康知識,"臺北市學前兒童發展篩檢表之認識與運用""【""0至3歲""】""",893
人文類,醫療保健,健康知識,"臺北市學前兒童發展篩檢表之認識與運用""【""3歲至6歲""】""",1022
人文類,醫療保健,健康知識,與浪浪的相處之道,194
人文類,醫療保健,健康知識,"認識毒品咖啡包""（""新興混合式毒品""）""",1532
人文類,醫療保健,健康知識,認識結腸直腸癌,1
人文類,醫療保健,健康知識,認識傳染疾病及因應方式,278
人文類,醫療保健,健康知識,認識愷他命,891
人文類,醫療保健,健康知識,"輕輕鬆鬆擁有健康""－""行政院人事行政總處公務人力發展學院提供",293
人文類,醫療保健,健康知識,銀髮族居家照護,550
人文類,醫療保健,健康知識,"銀髮族旅遊應注意事項與障礙""－""臺北市職能發展學院提供",1323
人文類,醫療保健,健康知識,樂齡族的運動生活,244
人文類,醫療保健,健康知識,樂齡族的營養生活,853
人文類,醫療保健,健康知識,"蔡春美""－""愛滋體驗""－""如何與感染者相處",637
人文類,醫療保健,健康知識,"蔡美馨""－""我心有陽光""－""談過動兒""（""ADHD""）""學子的認識與輔導",425
人文類,醫療保健,健康知識,蔬菜健康管理與有機防治,250
人文類,醫療保健,健康知識,嬰兒照護安全,694
人文類,醫療保健,健康知識,"職場生存術""－""跳脫毒癮生活",152
人文類,醫療保健,健康知識,"職場活力動動操""－""勞動部提供",192
人文類,醫療保健,健康知識,醫療爭議議題教育訓練,346
人文類,醫療保健,健康知識,寵物行為糾正,1050
人文類,醫療保健,健康知識,"羅珮琳""－""健康兩點靈""－""元氣加油站""－""中醫元氣養生",224
人文類,醫療保健,健康知識,"關於毒品""－""你應該要知道的現況",154
人文類,醫療保健,健康知識,"關於毒品""－""通報法令及義務",147
人文類,醫療保健,健康知識,"關懷老齡化問題""[""一""]""""─""漫淡老化",261
人文類,醫療保健,健康知識,"關懷老齡化問題""[""二""]""""─""漫談健康事",190
人文類,醫療保健,健康知識,"讓我安全長大""－""兒童中毒預防面面觀""－""臺北市政府衛生局提供",192
人文類,醫療保健,健康知識,"讓我安全長大""－""兒童居家安全法規實例分析探討""－""臺北市政府衛生局提供",291
人文類,醫療保健,眼科疾患,"眼科疾病1""－""眼睛健康保健與眼疾病之基本介紹""－""行政院衛生署醫院管理委員會提供",0
人文類,醫療保健,眼科疾患,"眼科疾病2""－""眼部常見疾病之治療""－""行政院衛生署醫院管理委員會提供",0
人文類,醫療保健,眼科疾患,"眼科疾病3""－""眼部美容手術之介紹""－""行政院衛生署醫院管理委員會提供",0
人文類,醫療保健,眼科疾患,"眼科疾病4""－""低視能照護""、""視網膜疾病""－""行政院衛生署醫院管理委員會提供",0
人文類,醫療保健,惡性腫瘤,"女性常見惡性腫瘤1""－""子宮頸癌""、""子宮內膜癌""、""乳癌""、""卵巢癌認識與自我照護""－""行政院衛生署醫院管理委員會提供",0
人文類,醫療保健,惡性腫瘤,"女性常見惡性腫瘤2""－""子宮肌腺症""、""子宮頸癌的手術治療""、""子宮肌瘤""、""子宮內膜癌""、""卵巢癌""－""行政院衛生署醫院管理委員會提供",0
人文類,醫療保健,惡性腫瘤,"女性常見惡性腫瘤4""－""子宮內膜異位症""、""子宮頸癌""、""卵巢癌與化學治療""、""抹片異常""－""行政院衛生署醫院管理委員會提供",0
人文類,醫療保健,惡性腫瘤,"女性常見惡性腫瘤5""－""乳癌""、""子宮肌瘤的治療及經驗分享""－""行政院衛生署醫院管理委員會提供",0
公務類,法制知能,公務行政,"""[""環境教育""]""謝明昌""－""決勝於千里之外""－""氣象情資運用",12958
公務類,法制知能,公務行政,"""【""進步價值""、""光榮城市""】""市長就職三週年記者會",4085
公務類,法制知能,公務行政,103年度臺北市政府服務品質獎觀摩會,638
公務類,法制知能,公務行政,"104年度創意提案競賽成果分享會""－""創新獎",793
公務類,法制知能,公務行政,"104年度創意提案競賽成果分享會""－""跨域合作獎",716
公務類,法制知能,公務行政,"104年度創意提案競賽成果分享會""－""精進獎",1442
公務類,法制知能,公務行政,104年度臺北市政府服務品質獎觀摩會,2193
公務類,法制知能,公務行政,"105年度創意提案競賽成果分享會""－""創新獎",748
公務類,法制知能,公務行政,"105年度創意提案競賽成果分享會""－""跨域合作獎",1197
公務類,法制知能,公務行政,"105年度創意提案競賽成果分享會""－""精進獎",800
公務類,法制知能,公務行政,105年度臺北市政府服務品質獎觀摩會     ,2088
公務類,法制知能,公務行政,106年度臺北市政府服務品質獎觀摩會,6039
公務類,法制知能,公務行政,"106年創意提案分享會""－""創新獎",176
公務類,法制知能,公務行政,"106年創意提案分享會""－""跨域合作獎",198
公務類,法制知能,公務行政,"106年創意提案分享會""－""精進獎",165
公務類,法制知能,公務行政,2017世界大學運動會籌辦實務,688
公務類,法制知能,公務行政,"2017臺北世界大學運動會教育訓練""－""場館營運",2157
公務類,法制知能,公務行政,2017臺北世界大學運動會簡介,1931
公務類,法制知能,公務行政,2017臺北世界大學運動會競賽管理實務,1561
公務類,法制知能,公務行政,"pol.is 在臺灣""：""跨越鴻溝",4824
公務類,法制知能,公務行政,"中央法規標準法""－""行政院人事行政總處公務人力發展學院提供",1198
公務類,法制知能,公務行政,公民參與行政作為的基本概念,5751
公務類,法制知能,公務行政,公民參與局處實務工作坊,14178
公務類,法制知能,公務行政,"公共設施與國家賠償責任""－""行政院人事行政總處公務人力發展學院提供",1213
公務類,法制知能,公務行政,"公共管理個案教學""－""行政院人事行政總處公務人力發展學院提供",722
公務類,法制知能,公務行政,"公務人員法律責任—民事責任""－""行政院人事行政總處公務人力發展學院提供",2517
公務類,法制知能,公務行政,"公務人員法律責任—刑事責任""－""行政院人事行政總處公務人力發展學院提供",3966
公務類,法制知能,公務行政,"公務員申領小額款項案例宣導""－""法務部廉政署提供",7684
公務類,法制知能,公務行政,"公務員法律責任及案例說明""－""法務部廉政署提供",3738
公務類,法制知能,公務行政,"公務員廉政倫理規範簡介""－""行政院人事行政總處公務人力發展學院提供",2995
公務類,法制知能,公務行政,"公務員廉政基本認知""－""法務部廉政署提供",12638
公務類,法制知能,公務行政,"公務機密維護""－""法務部廉政署提供",2730
公務類,法制知能,公務行政,"公務禮儀指南""－""行政院人事行政總處公務人力發展學院提供",906
公務類,法制知能,公務行政,可食地景與公民參與,11678
公務類,法制知能,公務行政,企業文化,4148
公務類,法制知能,公務行政,光州世大運觀摩心得,3649
公務類,法制知能,公務行政,地方自治立法理論與因應系列1,842
公務類,法制知能,公務行政,地方自治立法理論與因應系列2,796
公務類,法制知能,公務行政,地方自治立法理論與因應系列3,922
公務類,法制知能,公務行政,地方自治立法理論與因應系列4,966
公務類,法制知能,公務行政,"地籍清理業務簡介""－""新北市政府地政局提供",598
公務類,法制知能,公務行政,"行政中立的理論與實務""－""地方行政研習中心提供",1
公務類,法制知能,公務行政,"行政中立理論與實務""－""公務人力發展中心提供",1
公務類,法制知能,公務行政,"行政中立理論與實務""－""行政院人事行政總處公務人力發展中心105年提供",36405
公務類,法制知能,公務行政,行政中立與倫理,37052
公務類,法制知能,公務行政,"行政救濟案件答辯技巧教戰實務""－""行政院人事行政總處公務人力發展學院提供",1078
公務類,法制知能,公務行政,"行政處分與行政救濟""－""行政院人事行政總處公務人力發展學院提供",1936
公務類,法制知能,公務行政,"行政透明""－""法務部廉政署提供",2
公務類,法制知能,公務行政,"我國廉政政策""－""法務部廉政署提供",1
公務類,法制知能,公務行政,"災害預防及應變""－""行政院人事行政總處公務人力發展學院提供",1826
公務類,法制知能,公務行政,"兒少高風險家庭網絡人員數位教材""－""衛生福利部社會及家庭署提供",2613
公務類,法制知能,公務行政,"兩公約之認識及應用""－""行政院人事行政總處公務人力發展學院提供",15127
公務類,法制知能,公務行政,"法務部設置廉政署說明""－""中華郵政股份有限公司提供",2617
公務類,法制知能,公務行政,"社會安定計畫""－""行政院人事行政總處公務人力發展中心提供",52341
公務類,法制知能,公務行政,參與式預算的各項實務操作程序,2606
公務類,法制知能,公務行政,參與式預算的國際實踐經驗,3974
公務類,法制知能,公務行政,參與式預算的基本理念,1876
公務類,法制知能,公務行政,參與式預算與地方財政,2595
公務類,法制知能,公務行政,"問題解決案例解析""－""行政院人事行政總處公務人力發展學院提供",1809
公務類,法制知能,公務行政,國際性運動賽事之經營與管理,902
公務類,法制知能,公務行政,"國際廉政趨勢""－""法務部廉政署提供",1
公務類,法制知能,公務行政,移民政策與法規,1098
公務類,法制知能,公務行政,"單一陳情系統機關端說明""－""主管與承辦人",20
公務類,法制知能,公務行政,"單一陳情系統機關端說明""－""機關系統管理人員",5
公務類,法制知能,公務行政,"單一陳情系統機關端說明""－""機關研考與專責人員",1
公務類,法制知能,公務行政,"單一陳情系統機關端說明""－""總收人員與登記桌",5
公務類,法制知能,公務行政,媒體公關與府會關係,4262
公務類,法制知能,公務行政,媒體公關與雙贏府會關係,1
公務類,法制知能,公務行政,"無紙化會議數位課程""－""府外人員""－""臺北市政府資訊局提供",262
公務類,法制知能,公務行政,"無紙化會議數位課程""－""會議管理者""－""臺北市政府資訊局提供",210
公務類,法制知能,公務行政,"無紙化會議數位課程""－""會議與會者""－""臺北市政府資訊局提供",263
公務類,法制知能,公務行政,"無紙會議系統數位課程""－""府外人員""－""臺北市政府資訊局提供",285
公務類,法制知能,公務行政,"無紙會議系統數位課程""－""會議管理者""－""臺北市政府資訊局提供",324
公務類,法制知能,公務行政,"無紙會議系統數位課程""－""會議與會者""－""臺北市政府資訊局提供",211
公務類,法制知能,公務行政,"陽光法案""－""法務部廉政署提供",2220
公務類,法制知能,公務行政,"黃默""－""人權總論",11096
公務類,法制知能,公務行政,業務委外，從有效溝通整合開始,2085
公務類,法制知能,公務行政,運用KPI打造一流市政服務,6403
公務類,法制知能,公務行政,圖利與便民,4187
公務類,法制知能,公務行政,"圖利與便民""－""法務部廉政署提供",13844
公務類,法制知能,公務行政,"廖元豪""－""人權大步走""－""落實兩公約",12874
公務類,法制知能,公務行政,"臺北世大運工作研討會""：""FISU簡介",588
公務類,法制知能,公務行政,"臺北世大運工作研討會""：""商業策畫1",534
公務類,法制知能,公務行政,"臺北世大運工作研討會""：""商業策畫2",401
公務類,法制知能,公務行政,"臺北世大運工作研討會""：""問答與總結",435
公務類,法制知能,公務行政,"臺北世大運工作研討會""：""場館規劃1",650
公務類,法制知能,公務行政,"臺北世大運工作研討會""：""場館規劃2",715
公務類,法制知能,公務行政,"臺北世大運工作研討會""：""運動會籌備1",515
公務類,法制知能,公務行政,"臺北世大運工作研討會""：""運動會籌備2",353
公務類,法制知能,公務行政,臺北市議會第12屆第5次定期大會市長施政報告,2621
公務類,法制知能,公務行政,臺北市議會第12屆第6次定期大會市長施政報告,2631
公務類,法制知能,公務行政,臺北市議會第12屆第7次定期大會市長施政報告,1842
公務類,法制知能,公務行政,臺北市議會第12屆第8次定期大會市長施政報告,937
公務類,法制知能,公務行政,審議民主與參與預算,2856
公務類,法制知能,公務行政,"請託關說登錄查察作業要點案例說明""－""法務部廉政署提供",3885
公務類,法制知能,公務行政,機關年度施政計畫績效評核與管理,1484
公務類,法制知能,公務行政,"辦理內部控制""（""含監督作業""）""經驗分享""－""臺北市政府推動情形""－""行政院主計總處提供",528
公務類,法制知能,公務行政,"儲存媒體報廢銷毀作業篇""－""中華郵政股份有限公司提供",482
公務類,法制知能,公務行政,"檔案管理綜述—檔案管理法令與實務""－""行政院人事行政總處公務人力發展中心105年提供",4538
公務類,法制知能,公務行政,"聯合國反貪腐公約簡介""－""法務部廉政署提供",15024
公務類,法制知能,公務行政,"鍾秉正""－""訴願法及機關答辯研習班",1092
公務類,法制知能,公務行政,"顧慕晴""－""行政倫理的理論與實務",4601
公務類,法制知能,民生權益,"化抱怨為滿意""－""如何處理民眾抱怨""－""高雄市政府公務人力發展中心提供",1329
公務類,法制知能,民生權益,"服務觀心術""－""營造人見人愛的五星級服務""－""高雄市政府公務人力發展中心提供",1218
公務類,法制知能,民生權益,個人資料保護法,12638
公務類,法制知能,民生權益,"國際身心障礙者權利公約""（""CRPD""）""概論",17042
公務類,法制知能,民生權益,"歡喜呷百二""－""你不可不知的老人福利""－""高雄市政府公務人力發展中心提供",1363
公務類,法制知能,民刑法,"民法基本原理""－""行政院人事行政總處公務人力發展學院提供",2857
公務類,法制知能,民刑法,"潘秀菊""－""民法總則",3414
公務類,法制知能,行政法,"公務員之國家賠償責任""－""高雄市政府公務人力發展中心提供",3623
公務類,法制知能,行政法,"行政契約概要""－""高雄市政府公務人力發展中心提供",2754
公務類,法制知能,政府採購,"政府採購專業人員基礎訓練""－""俞何雄""－""法規概要1",9
公務類,法制知能,政府採購,"政府採購專業人員基礎訓練""－""徐佑伶""－""法規概要3",6
公務類,法制知能,政府採購,"政府採購專業人員基礎訓練""－""陳建良""－""法規概要2",8
公務類,法制知能,政府採購,"採購法投標須知""（""1""）"" ",1903
公務類,法制知能,政府採購,採購法招標文件製作,1898
公務類,法制知能,政府採購,履約管理及施工品質,2067
公務類,法制知能,智慧財產,"非懂不可""－""公務著作權e點通""－""高雄市政府公務人力發展中心提供",2493
公務類,法制知能,智慧財產,"保護智慧財產權系列""─""商標權法",1
公務類,法制知能,智慧財產,"保護智慧財產權系列""─""專利權法",1
公務類,法制知能,智慧財產,"保護智慧財產權系列""─""著作權法",1
公務類,法制知能,智慧財產,"保護智慧財產權系列""─""營業秘密法",1
公務類,法制知能,智慧財產,"政府智權服務與輔導資源""－""中小企業網路大學校提供",2579
公務類,法制知能,智慧財產,"網路世界與智慧財產權""－""國立空中大學提供",2715
公務類,專業職能,人事行政,訓練發展實務,649
公務類,專業職能,人事行政,"陳俊男""－""人事管理資訊系統",0
公務類,專業職能,人事行政,"新進人員""－""公務人員權利義務與責任",583
公務類,專業職能,人事行政,"新進人員""－""任免遷調",559
公務類,專業職能,人事行政,"新進人員""－""待遇福利法規概論與實務研討",481
公務類,專業職能,人事行政,"新進人員""－""差勤管理法規與實務",482
公務類,專業職能,人事行政,"新進人員""－""退休及撫卹法規概論與實務研討",661
公務類,專業職能,人事行政,"新進人員""－""臺北市政府各機關常用資訊網簡介",377
公務類,專業職能,人事行政,議會資料整合系統,312
公務類,專業職能,公共工程,"工程履約爭議處理及案例解說""－""行政院公共工程委員會提供",1717
公務類,專業職能,公共工程,"水利水保工程履約管理與常見缺失預防""－""行政院公共工程委員會提供",675
公務類,專業職能,公共工程,"建築工程履約管理與常見缺失預防""－""行政院公共工程委員會提供",593
公務類,專業職能,公共工程,"排污水工程履約管理與常見缺失預防""－""行政院公共工程委員會提供",515
公務類,專業職能,公共工程,"進度管理規劃及監督實務與缺失案例解說""－""行政院公共工程委員會提供",527
公務類,專業職能,公共工程,"道路工程履約管理與常見缺失預防""－""行政院公共工程委員會提供",548
公務類,專業職能,公共工程,"興建石門水庫""－""國立公共資訊圖書館提供",710
公務類,專業職能,公共工程,"鋼構工程設計及監督實務與缺失案例解說""－""行政院公共工程委員會提供",431
公務類,專業職能,文稿寫作,"English Letter and Email Writing Guide for Civil Servants""－""行政院人事行政總處公務人力發展學院提供",650
公務類,專業職能,文稿寫作,公文處理時效管制作業,4050
公務類,專業職能,文稿寫作,公文處理概述,2841
公務類,專業職能,文稿寫作,"公文製作管理系列2""－""公文處理時效管制作業",0
公務類,專業職能,文稿寫作,"公文製作管理系列3""－""機密文書處理",1409
公務類,專業職能,文稿寫作,公文寫作研究,1406
公務類,專業職能,文稿寫作,"共通性作業""－""臺北市政府資訊局提供",87
公務類,專業職能,文稿寫作,"如何撰寫新聞稿""－""『新聞稿撰擬與新聞發佈要領』""－""行政院人事行政總處公務人力發展學院提供",666
公務類,專業職能,文稿寫作,"作業計畫""、""執行情形填報個案解析""－""新北市政府研考會提供",404
公務類,專業職能,文稿寫作,"系統管理作業""－""臺北市政府資訊局提供",29
公務類,專業職能,文稿寫作,"承辦人作業""－""臺北市政府資訊局提供",97
公務類,專業職能,文稿寫作,"施政計畫""（""含中程""、""年度計畫""）""編審作業""－""新北市政府研考會提供",433
公務類,專業職能,文稿寫作,"施政計畫管考作業架構與執行流程概述""－""新北市政府研考會提供",532
公務類,專業職能,文稿寫作,"研考人員作業""－""臺北市政府資訊局提供",75
公務類,專業職能,文稿寫作,"核稿主管作業""－""臺北市政府資訊局提供",29
公務類,專業職能,文稿寫作,"案件管理作業""－""臺北市政府資訊局提供",102
公務類,專業職能,文稿寫作,"單位主管作業""－""臺北市政府資訊局提供",29
公務類,專業職能,文稿寫作,"登記桌作業""－""臺北市政府資訊局提供",28
公務類,專業職能,文稿寫作,"補簽作業""－""臺北市政府資訊局提供",78
公務類,專業職能,文稿寫作,"電子交換軟體設定""－""臺北市政府資訊局提供",24
公務類,專業職能,文稿寫作,臺北市政府公文線上簽核系統操作,746
公務類,專業職能,文稿寫作,"認識公文""－""臺北市政府資訊處提供",775
公務類,專業職能,文稿寫作,"機關收文作業""－""臺北市政府資訊局提供",30
公務類,專業職能,文稿寫作,"機關發文作業""－""臺北市政府資訊局提供",29
公務類,專業職能,文稿寫作,"檔案管理作業""－""臺北市政府資訊局提供",175
公務類,專業職能,考選行政,"考選部監場人員回流訓練""－""考選部提供",0
公務類,專業職能,考選行政,"國家考試特色介紹""－""考選部提供",0
公務類,專業職能,兵役,全民國防,8300
公務類,專業職能,兵役,全民國防教育,14451
公務類,專業職能,兵役,"全民國防教育學堂""－""行政院人事行政總處公務人力發展學院提供",2051
公務類,專業職能,兵役,役男出境作業及相關規定,0
公務類,專業職能,兵役,替代役備役作業說明,0
公務類,專業職能,志願服務,"""[""志願服務""]""志工基礎教育訓練",6
公務類,專業職能,志願服務,"""[""志願服務""]""志工基礎教育訓練""（""106年6月版""）""",4
公務類,專業職能,志願服務,"""[""志願服務""]""志工基礎教育訓練""（""106年版""）""",20782
公務類,專業職能,志願服務,"""[""志願服務""]""志工基礎教育訓練""（""6小時版""）""",32650
公務類,專業職能,志願服務,"""[""志願服務""]""志工基礎教育訓練""（""8小時版""）""",13364
公務類,專業職能,志願服務,"""[""志願服務""]""志工基礎教育訓練""─""手語版",5242
公務類,專業職能,志願服務,"""[""環境教育""]""""【""專班""】""桃園市政府環境保護局環境清潔稽查大隊環保志工特殊教育訓練",317
公務類,專業職能,志願服務,"DOC行動近用計畫執行經驗分享""－""教育部提供",241
公務類,專業職能,志願服務,"人際關係""－""臺北市政府社會局提供",7674
公務類,專業職能,志願服務,"公民新聞的曲徑與大道""－""教育部提供",505
公務類,專業職能,志願服務,"公共圖書館數位資源服務""－""教育部提供",312
公務類,專業職能,志願服務,方案計畫書撰寫實務,954
公務類,專業職能,志願服務,"平板資安管理""－""教育部提供",614
公務類,專業職能,志願服務,"交通導護志工""（""教育類""）""志工特殊教育訓練""－""新竹縣政府提供",1963
公務類,專業職能,志願服務,志工督導方法與技巧,1030
公務類,專業職能,志願服務,"志工督導訓練系列1""－""王懷毅""－""問題分析與處理",2054
公務類,專業職能,志願服務,"志工督導訓練系列2""－""王懷毅""－""有效團隊領導與激勵",2893
公務類,專業職能,志願服務,"志工督導訓練系列3""－""溫信學""－""督導角色功能與實施方法",2024
公務類,專業職能,志願服務,"志工督導訓練系列4""－""石泱""－""督導關係和倫理議題",1906
公務類,專業職能,志願服務,"枋山小農智慧物聯網 成果分享""－""教育部提供",274
公務類,專業職能,志願服務,社區資源運用與管理,1505
公務類,專業職能,志願服務,"社會福利志工特殊訓練系列""─""社會資源與志願服務",3701
公務類,專業職能,志願服務,"社會福利志工特殊訓練系列""─""社會福利概述",3876
公務類,專業職能,志願服務,"花博志工培訓課程""－""交通組""－""臺中市政府社會局提供",824
公務類,專業職能,志願服務,"花博志工培訓課程""－""安全組""－""臺中市政府社會局提供",718
公務類,專業職能,志願服務,"花博志工培訓課程""－""花博課程通則""－""臺中市政府社會局提供",2418
公務類,專業職能,志願服務,"花博志工培訓課程""－""客服組""－""臺中市政府社會局提供",1428
公務類,專業職能,志願服務,"花博志工培訓課程""－""指引組""－""臺中市政府社會局提供",672
公務類,專業職能,志願服務,"花博志工培訓課程""－""展演組""－""臺中市政府社會局提供",650
公務類,專業職能,志願服務,"花博志工培訓課程""－""票務組""－""臺中市政府社會局提供",868
公務類,專業職能,志願服務,"花博志工培訓課程""－""衛生組""－""臺中市政府社會局提供",675
公務類,專業職能,志願服務,"花博志工培訓課程""－""導覽組""－""臺中市政府社會局提供",687
公務類,專業職能,志願服務,"花博志工培訓課程""－""環保組""－""臺中市政府社會局提供",563
公務類,專業職能,志願服務,為民服務志工櫃檯禮儀訓練班,1463
公務類,專業職能,志願服務,"原來我不是攝影師""－""教育部提供",1075
公務類,專業職能,志願服務,"從學習到職人的路上""－""教育部提供",530
公務類,專業職能,志願服務,"資訊志工特殊訓練""－""Android應用APP Inventor""－""教育部提供",506
公務類,專業職能,志願服務,"資訊志工特殊訓練""－""FB粉絲團經營文案術""－""教育部提供",0
公務類,專業職能,志願服務,"資訊志工特殊訓練""－""FB與APP創意行銷趨勢""－""教育部提供",318
公務類,專業職能,志願服務,"資訊志工特殊訓練""－""Google工作術""－""教育部提供",499
公務類,專業職能,志願服務,"資訊志工特殊訓練""－""HOC一小時玩程式""－""教育部提供",1367
公務類,專業職能,志願服務,"資訊志工特殊訓練""－""i時代電腦繪圖必修課""－""教育部提供",589
公務類,專業職能,志願服務,"資訊志工特殊訓練""－""LearnMode學習吧""－""教育部提供",2075
公務類,專業職能,志願服務,"資訊志工特殊訓練""－""microbit邁向創客之路的軟實力""－""教育部提供",2595
公務類,專業職能,志願服務,"資訊志工特殊訓練""－""scratch動畫製作，網路安全""－""教育部提供",632
公務類,專業職能,志願服務,"資訊志工特殊訓練""－""Sigil電子書設計""－""教育部提供",436
公務類,專業職能,志願服務,"資訊志工特殊訓練""－""口語表達與魅力行銷""－""教育部提供",3695
公務類,專業職能,志願服務,"資訊志工特殊訓練""－""文青時代，逐格動畫玩創意""－""教育部提供",0
公務類,專業職能,志願服務,"資訊志工特殊訓練""－""用Prezi打造社區品牌故事""－""教育部提供",835
公務類,專業職能,志願服務,"資訊志工特殊訓練""－""成果彙集工作坊""－""視覺設計""－""延伸學習""、""完美排版""－""教育部提供",0
公務類,專業職能,志願服務,"資訊志工特殊訓練""－""成果彙集工作坊""－""簡報技巧""－""教育部提供",0
公務類,專業職能,志願服務,"資訊志工特殊訓練""－""成果彙集工作坊""－""簡報邏輯""－""教育部提供",0
公務類,專業職能,志願服務,"資訊志工特殊訓練""－""自媒體經營""－""教育部提供",3088
公務類,專業職能,志願服務,"資訊志工特殊訓練""－""志願服務與社會資源應用""（""北""）""""－""教育部提供",2859
公務類,專業職能,志願服務,"資訊志工特殊訓練""－""享受數位樂趣""－""用鏡頭和世界交朋友""－""教育部提供",1
公務類,專業職能,志願服務,"資訊志工特殊訓練""－""盲旅體驗一場出乎意料的旅行""－""教育部提供",1044
公務類,專業職能,志願服務,"資訊志工特殊訓練""－""科學魔法，水火箭DIY""－""教育部提供",0
公務類,專業職能,志願服務,"資訊志工特殊訓練""－""專訪影片，魂！""－""教育部提供",0
公務類,專業職能,志願服務,"資訊志工特殊訓練""－""教材影音工作坊""－""百道料理呷感動""－""腳本內容與故事""－""教育部提供",0
公務類,專業職能,志願服務,"資訊志工特殊訓練""－""教材影音工作坊""－""百道料理呷蝦米""－""DOC與線上出版""、""製作獨一無二教材""－""教育部提供",0
公務類,專業職能,志願服務,"資訊志工特殊訓練""－""教材影音工作坊""－""百道料理呷趣味""－""影片後製與拍攝""－""教育部提供",1
公務類,專業職能,志願服務,"資訊志工特殊訓練""－""設計思考Inkscape及運算思維實作應用""－""教育部提供",3680
公務類,專業職能,志願服務,"資訊志工特殊訓練""－""設計思考結構化的創新歷程""－""教育部提供",3990
公務類,專業職能,志願服務,"資訊志工特殊訓練""－""透過影像，看見每一秒感動""－""教育部提供",463
公務類,專業職能,志願服務,"資訊志工特殊訓練""－""創用cc與雲端資訊運用""－""教育部提供",364
公務類,專業職能,志願服務,"資訊志工特殊訓練""－""創意電子書""－""教育部提供",275
公務類,專業職能,志願服務,"資訊志工特殊訓練""－""智慧APP應用達人""－""教育部提供",0
公務類,專業職能,志願服務,"資訊志工特殊訓練""－""著作權""－""合理使用與數位應用注意事項""－""教育部提供",372
公務類,專業職能,志願服務,"資訊志工特殊訓練""－""資訊志工管考系統""－""教育部提供",0
公務類,專業職能,志願服務,"資訊志工特殊訓練""－""團康活動設計與帶領技巧""（""北""）""""－""教育部提供",1
公務類,專業職能,志願服務,"資訊志工特殊訓練""－""團康活動設計與帶領技巧""（""南""）""""－""教育部提供",2
公務類,專業職能,志願服務,"資訊志工特殊訓練""－""團隊經營與管理""（""北""）""""－""教育部提供",2
公務類,專業職能,志願服務,"資訊志工特殊訓練""－""認識資訊志工與數位機會中心""－""教育部提供",1
公務類,專業職能,志願服務,"資訊志工特殊訓練""－""認識資訊志工與數位機會中心""－""教育部提供",4316
公務類,專業職能,志願服務,"資訊志工特殊訓練""－""說話高手""：""聽懂能說心無礙""－""教育部提供",1615
公務類,專業職能,志願服務,"資訊志工特殊訓練""－""數位文創營，Scratch""－""教育部提供",577
公務類,專業職能,志願服務,"資訊志工特殊訓練""－""讓夢想，不只是夢想！""－""教育部提供",1783
公務類,專業職能,志願服務,"蟾蜍山腳的土地與歷史記憶""－""教育部提供",633
公務類,專業職能,志願服務,"讓你有永遠找不完的生活樂趣""－""好用APP推薦""－""教育部提供",625
公務類,專業職能,性別教育,"""[""性別主流化""]""CEDAW施行法第5條""「""社會文化之改變與母性之保障""」""""－""行政院人事行政總處公務人力發展中心提供",25251
公務類,專業職能,性別教育,"""[""性別主流化""]""CEDAW施行法""－""實質平等""、""直接與間接歧視""－""行政院人事行政總處公務人力發展中心提供",36018
公務類,專業職能,性別教育,"""[""性別主流化""]""CEDAW施行法""－""暫行特別措施及案例""－""行政院人事行政總處公務人力發展中心提供",21410
公務類,專業職能,性別教育,"""[""性別主流化""]""CEDAW相關概念與公約保障權益概述""－""行政院人事行政總處公務人力發展學院提供",1471
公務類,專業職能,性別教育,"""[""性別主流化""]""CEDAW認識與落實""－""高雄市政府公務人力發展中心提供",18660
公務類,專業職能,性別教育,"""[""性別主流化""]""以CEDAW公約內涵檢視法規措施方法""－""行政院人事行政總處公務人力發展學院提供",1791
公務類,專業職能,性別教育,"""[""性別主流化""]""打造職場新天地""－""CEDAW第11條""「""工作平等權利""」""""－""行政院人事行政總處公務人力發展中心提供",44204
公務類,專業職能,性別教育,"""[""性別主流化""]""如何在生活中落實性別平等",4365
公務類,專業職能,性別教育,"""[""性別主流化""]""何謂職場性騷擾",7975
公務類,專業職能,性別教育,"""[""性別主流化""]""性別主流化與就業歧視",1908
公務類,專業職能,性別教育,"""[""性別主流化""]""性別平等首善之國瑞典的日常性別實作與觀察",7843
公務類,專業職能,性別教育,"""[""性別主流化""]""性別統計及分析",1031
公務類,專業職能,性別教育,"""[""性別主流化""]""性別預算基本概念及範例",1046
公務類,專業職能,性別教育,"""[""性別主流化""]""性別與人權",2390
公務類,專業職能,性別教育,"""[""性別主流化""]""性別與社會福利""－""行政院人事行政總處公務人力發展學院提供",8552
公務類,專業職能,性別教育,"""[""性別主流化""]""性別與婚姻家庭",7705
公務類,專業職能,性別教育,"""[""性別主流化""]""性別與資源講座",1777
公務類,專業職能,性別教育,"""[""性別主流化""]""性別影響評估理念與實務""－""行政院人事行政總處公務人力發展學院提供",1825
公務類,專業職能,性別教育,"""[""性別主流化""]""拒絕與狼共舞""－""談性騷擾防治",4008
公務類,專業職能,性別教育,"""[""性別主流化""]""國內外性別平等教育政策與理念",1958
公務類,專業職能,性別教育,"""[""性別主流化""]""從媒體討論性侵害",3401
公務類,專業職能,性別教育,"""[""性別主流化""]""雇主如何建立職場性騷擾防治措施""、""申訴及懲戒辦法",12069
公務類,專業職能,性別教育,"""[""性別主流化""]""黃長玲""－""性別主流化講座",1227
公務類,專業職能,性別教育,"""[""性別主流化""]""運動與性別議題""－""運動最美",2413
公務類,專業職能,性別教育,"""[""性別主流化""]""認識多元性別",1503
公務類,專業職能,性別教育,"""[""性別主流化""]""閱讀中遇見性別""－""行政院人事行政總處公務人力發展學院提供",10986
公務類,專業職能,性別教育,"性別工作平等法""－""臺北市政府勞動局提供",3344
公務類,專業職能,性別教育,校園性騷擾事件實務調查程序及案例研討,1049
公務類,專業職能,性別教育,職場性騷擾申訴案件調查實務,2241
公務類,專業職能,財政,104年度營利事業所得稅結算申報書修正及中小企業租稅優惠說明,973
公務類,專業職能,財政,公用事業開立電子發票暨營業人申報流程說明,623
公務類,專業職能,財政,本府各年度編列資訊概算訓練,1269
公務類,專業職能,財政,地方稅網路申報,369
公務類,專業職能,財政,"如何進行計畫""（""政策""）""之成本效益評估",553
公務類,專業職能,財政,房地合一課徵所得稅介紹,447
公務類,專業職能,財政,"單位財產管理系統""（""PMS""）""",0
公務類,專業職能,財政,"發行新臺幣""－""國立公共資訊圖書館提供",411
公務類,專業職能,財政,綜合所得稅結算申報,1312
公務類,專業職能,財政,網路交易營業稅稅籍登記及申報實務,304
公務類,專業職能,財政,營利事業所得稅移轉訂價申報實務,562
公務類,專業職能,教育,"社大師培系列""─""成人教學方法與互動技巧初階",211
公務類,專業職能,教育,"社大師培系列""─""成人教學方法與互動技巧進階""（""一""）""",234
公務類,專業職能,教育,"社大師培系列""─""成人教學方法與互動技巧進階""（""二""）""",224
公務類,專業職能,教育,"社大師培系列""─""成人學習問題與輔導",537
公務類,專業職能,教育,"社大師培系列""─""成人學習與成人心理學",213
公務類,專業職能,教育,"社大師培系列""─""成果呈現與教學評量",238
公務類,專業職能,教育,"社大師培系列""─""社大新夥伴""－""特殊需求學員",203
公務類,專業職能,教育,"社大師培系列""─""社大課程多媒體應用",220
公務類,專業職能,教育,"社大師培系列""─""社大講師之社大精神實踐",173
公務類,專業職能,教育,"社大師培系列""─""社大講師與社區資源整合",207
公務類,專業職能,教育,"社大師培系列""─""社區大學的招生與行銷""（""一""）""",177
公務類,專業職能,教育,"社大師培系列""─""社區大學的招生與行銷""（""二""）""",178
公務類,專業職能,教育,"社大師培系列""─""社區大學的時代使命與教師角色",250
公務類,專業職能,教育,"社大師培系列""─""社區大學與社區教育",190
公務類,專業職能,教育,"社大師培系列""─""社區大學與弱勢關懷",244
公務類,專業職能,教育,"社大師培系列""─""社區組織與發展",274
公務類,專業職能,教育,"社大師培系列""─""終身學習課程的永續經營",272
公務類,專業職能,教育,"社大師培系列""─""速寫北投山水",236
公務類,專業職能,教育,"社大師培系列""─""創生性社群經營在成人教育之運用",247
公務類,專業職能,教育,"社大師培系列""─""課程規劃與設計",298
公務類,專業職能,教育,"社大師培系列""─""課程融入公共議題規劃與設計",229
公務類,專業職能,教育,"社大師培系列""─""融入式課程與教材設計",213
公務類,專業職能,教育,"社大師培系列""─""關鍵三分鐘""－""班級經營與管理",263
公務類,專業職能,教育,"范滿妹""－""如何落實國小客家文化推廣及語言傳承",1753
公務類,專業職能,教育,"張淑玲""－""客語師資新課培訓",2257
公務類,專業職能,教育,"新進教師""－""人際關係溝通實務與經驗分享",439
公務類,專業職能,教育,"新進教師""－""班級經營實務分享",431
公務類,專業職能,教育,"新進教師""－""教師專業與倫理發展",239
公務類,專業職能,教育,"新進教師""－""資訊科技融入教學",277
公務類,專業職能,教育,"新進教師""－""學生正向管教",286
公務類,專業職能,教育,"新進教師""－""學生輔導實務與分享",325
公務類,專業職能,教育,"團體動力心理學""─""如何運用在成人教育的班級經營",558
公務類,專業職能,教育,臺北自來水事業處客訴處理與水費電子帳單推廣經驗分享會,141
公務類,專業職能,教育,融入式教學未完待續的美麗旅程,338
公務類,專業職能,標案採購,"""[""微課程""]""採購數量不確定，事前預約行得通—開口契約",82
公務類,專業職能,標案採購,"""「""優先採購身心障礙福利機構團體或庇護工場生產物品及服務辦法""」""介紹",0
公務類,專業職能,標案採購,"105年度政府機關綠色採購申報系統操作說明""－""行政院環境保護署提供",1085
公務類,專業職能,標案採購,"107年度機關綠色採購評核方式及採購實務說明""、""政府機關綠色採購申報系統操作說明",2510
公務類,專業職能,標案採購,內政部優先採購網路資訊平台系統操作介紹,626
公務類,專業職能,標案採購,"身障機構團體產品採購研習""－""內政部優先採購資訊平台系統",1
公務類,專業職能,標案採購,"政府採購法""－""道德規範及違法處置",2385
公務類,專業職能,標案採購,政府採購監辦作業實務,3293
公務類,專業職能,標案採購,"採購法投標須知""（""2""）"" ",1686
公務類,專業職能,標案採購,採購實務,1609
公務類,專業職能,標案採購,最有利標及評選優勝廠商1,2969
公務類,專業職能,標案採購,最有利標及評選優勝廠商2,3556
公務類,專業職能,標案採購,綠色採購實務作業,1484
公務類,專業職能,衛生醫療,"""【""抗癌危害性藥品防護系列課程""】""一""、""綜述""【""本課程限藥事人員報名""】""",46
公務類,專業職能,衛生醫療,"""【""抗癌危害性藥品防護系列課程""】""七""、""潑灑處理""【""本課程限醫事人員報名""】""",48
公務類,專業職能,衛生醫療,"""【""抗癌危害性藥品防護系列課程""】""九""、""醫療人員健康監控""【""本課程限醫事人員報名""】""",39
公務類,專業職能,衛生醫療,"""【""抗癌危害性藥品防護系列課程""】""二""、""採購""、""儲存""、""傳送與接收""【""本課程限藥事人員報名""】""",46
公務類,專業職能,衛生醫療,"""【""抗癌危害性藥品防護系列課程""】""八""、""環境品質監控""【""本課程限醫事人員報名""】""",38
公務類,專業職能,衛生醫療,"""【""抗癌危害性藥品防護系列課程""】""十""、""居家化療注意事項""【""本課程限醫事人員報名""】""",47
公務類,專業職能,衛生醫療,"""【""抗癌危害性藥品防護系列課程""】""三""、""藥品調配""【""本課程限醫事人員報名""】""",43
公務類,專業職能,衛生醫療,"""【""抗癌危害性藥品防護系列課程""】""五""、""給藥""（""下""）""""【""本課程限醫事人員報名""】""",38
公務類,專業職能,衛生醫療,"""【""抗癌危害性藥品防護系列課程""】""六""、""廢棄物處理""【""本課程限醫事人員報名""】""",44
公務類,專業職能,衛生醫療,"""【""抗癌危害性藥品防護系列課程""】""四""、""給藥""（""上""）""""【""本課程限醫事人員報名""】""",38
公務類,專業職能,衛生醫療,"""【""癌症防治專業人員培訓課程""】""七""、""肺癌化學治療藥品的不良反應與副作用""【""本課程限醫事人員報名""】""""－""衛生福利部提供",242
公務類,專業職能,衛生醫療,"""【""癌症防治專業人員培訓課程""】""九""、""肺癌免疫治療藥品的不良反應與副作用""【""本課程限醫事人員報名""】""""－""衛生福利部提供",276
公務類,專業職能,衛生醫療,"""【""癌症防治專業人員培訓課程""】""二""、""肺癌的診斷與治療原則""【""本課程限醫事人員報名""】""""－""衛生福利部提供",286
公務類,專業職能,衛生醫療,"""【""癌症防治專業人員培訓課程""】""八""、""肺癌標靶治療藥品的不良反應與副作用""【""本課程限醫事人員報名""】""""－""衛生福利部提供",253
公務類,專業職能,衛生醫療,"""【""癌症防治專業人員培訓課程""】""十""、""病人的健康識能和數量識能""【""本課程限醫事人員報名""】""""－""衛生福利部提供",303
公務類,專業職能,衛生醫療,"""【""癌症防治專業人員培訓課程""】""三""、""肺癌手術治療的最新趨勢""【""本課程限醫事人員報名""】""""－""衛生福利部提供",316
公務類,專業職能,衛生醫療,"""【""癌症防治專業人員培訓課程""】""五""、""肺癌的內科治療 I I""【""本課程限醫事人員報名""】""""－""衛生福利部提供",258
公務類,專業職能,衛生醫療,"""【""癌症防治專業人員培訓課程""】""六""、""肺癌的內科治療 I I I""【""本課程限醫事人員報名""】""""－""衛生福利部提供",414
公務類,專業職能,衛生醫療,"""【""癌症防治專業人員培訓課程""】""四""、""肺癌的內科治療 I""【""本課程限醫事人員報名""】""""－""衛生福利部提供",257
公務類,專業職能,衛生醫療,"102年度醫療糾紛""（""爭議""）""處理關懷小組成員教育訓練",507
公務類,專業職能,衛生醫療,102年度醫療糾紛〈爭議〉處理關懷小組成員標竿學習,530
公務類,專業職能,衛生醫療,"103年度提升行政與司法相驗品質暨死亡證明書開具教育訓練""－""臺北市政府衛生局提供",251
公務類,專業職能,衛生醫療,"2017年中風治療新的發展""－""臺北市政府衛生局提供",1112
公務類,專業職能,衛生醫療,"2017年心律不整治療新的發展""－""臺北市政府衛生局提供",1033
公務類,專業職能,衛生醫療,"2017年有關高血壓治療新的發展""－""臺北市政府衛生局提供",941
公務類,專業職能,衛生醫療,"2017年周邊動脈阻塞性疾病治療新的發展""－""臺北市政府衛生局提供",1082
公務類,專業職能,衛生醫療,"2017年急性冠狀動脈綜合症治療新的發展""－""臺北市政府衛生局提供",922
公務類,專業職能,衛生醫療,"2017年高血脂治療新的發展""－""臺北市政府衛生局提供",914
公務類,專業職能,衛生醫療,"2017年糖尿病治療新的發展""－""臺北市政府衛生局提供",1340
公務類,專業職能,衛生醫療,Grammar Points on Medical Writing,182
公務類,專業職能,衛生醫療,大量傷病患事故應變,1199
公務類,專業職能,衛生醫療,大腦活化學理,387
公務類,專業職能,衛生醫療,不同年齡層小兒急症與創傷的評估及處置,151
公務類,專業職能,衛生醫療,心血管急症,856
公務類,專業職能,衛生醫療,心智障礙者行為問題支持與介入,368
公務類,專業職能,衛生醫療,心智障礙者行為問題理論與分析,284
公務類,專業職能,衛生醫療,"失智友善社區""－""衛生福利部國民健康署提供",1405
公務類,專業職能,衛生醫療,"失智守護天使數位課程""－""新北市政府衛生局提供",92
公務類,專業職能,衛生醫療,"失智者之照護與社會支持""－""衛生福利部國民健康署提供",267
公務類,專業職能,衛生醫療,"失智症衛教技巧""－""衛生福利部國民健康署提供",396
公務類,專業職能,衛生醫療,生物戰之防護與應變,216
公務類,專業職能,衛生醫療,"全民健保知識家""－""行政院衛生署提供",218
公務類,專業職能,衛生醫療,"全民健康保險""－""珍惜醫療資源篇""－""衛生福利部中央健康保險署提供",422
公務類,專業職能,衛生醫療,"全民健康保險""－""弱勢照顧篇""－""衛生福利部中央健康保險署提供",359
公務類,專業職能,衛生醫療,如何讓毒癮者找回專注力,723
公務類,專業職能,衛生醫療,成癮症狀典型表現,870
公務類,專業職能,衛生醫療,"作業場所與食品從業人員衛生管理""－""新北市政府衛生局提供",536
公務類,專業職能,衛生醫療,"身障鑑定""－""認識鑑定工具與內容",376
公務類,專業職能,衛生醫療,"身障鑑定""－""需求評估與心智概論",422
公務類,專業職能,衛生醫療,呼吸困難病人處置,964
公務類,專業職能,衛生醫療,性傳染病及愛滋病與我有關嗎?,1741
公務類,專業職能,衛生醫療,"長期照護系列1""－""長期照護概念及資源運用",0
公務類,專業職能,衛生醫療,"長期照護系列2""－""身心社會評估及照護",2
公務類,專業職能,衛生醫療,"長期照護系列3""－""長期營養照護""－""教材獲AA認證",0
公務類,專業職能,衛生醫療,"?娠急症與創傷的評估""、""處置與情境操作""、""家暴""、""性侵害之判斷",205
公務類,專業職能,衛生醫療,珍愛生命，遠離毒品,1028
公務類,專業職能,衛生醫療,"食品中毒""－""新北市政府衛生局提供",603
公務類,專業職能,衛生醫療,"食品安全衛生法規""－""新北市政府衛生局提供",709
公務類,專業職能,衛生醫療,"食品標示""－""新北市政府衛生局提供",372
公務類,專業職能,衛生醫療,"食品標示""－""臺北市政府衛生局提供",1439
公務類,專業職能,衛生醫療,"食品標示簡介""－""台北市政府衛生局提供",1902
公務類,專業職能,衛生醫療,"食品標示簡介""－""新北市政府衛生局提供",495
公務類,專業職能,衛生醫療,"原物料採購驗收管理，品質與製程管制""－""新北市政府衛生局提供",679
公務類,專業職能,衛生醫療,病人安全概念與運用,270
公務類,專業職能,衛生醫療,"追蹤追溯""、""一級品管暨食品業者登錄""－""新北市政府衛生局提供",365
公務類,專業職能,衛生醫療,"高危險妊娠轉診照護系列""－""許瓊心""－""認識早產兒",149
公務類,專業職能,衛生醫療,"高危險妊娠轉診照護系列""－""陸振翮""－""高危險妊娠產前醫療照護",138
公務類,專業職能,衛生醫療,"高危險妊娠轉診照護系列""－""謝燦堂""－""高危險妊娠",144
公務類,專業職能,衛生醫療,"專班_臺北市政府衛生局_心血管防治認證e化課程""─""展延一",338
公務類,專業職能,衛生醫療,"專班_臺北市政府衛生局_心血管防治認證e化課程""─""展延二",585
公務類,專業職能,衛生醫療,都治關懷員之個案分析,214
公務類,專業職能,衛生醫療,結核病及漢生病防治都治關懷員在職教育訓練,368
公務類,專業職能,衛生醫療,結核病的基本概念與治療副作用,340
公務類,專業職能,衛生醫療,"傳染病防治系列1""－""防疫寶典""－""傳染病防治工作原則",0
公務類,專業職能,衛生醫療,"傳染病防治系列2""－""實務作業""－""法定傳染病通報監視概論",0
公務類,專業職能,衛生醫療,意識不清病人處置,789
公務類,專業職能,衛生醫療,愛滋病及梅毒篩檢教戰守則,1910
公務類,專業職能,衛生醫療,愛滋病的認識與防護,4065
公務類,專業職能,衛生醫療,"感染控制概念""－""臺北市政府社會局提供",1414
公務類,專業職能,衛生醫療,"新生兒轉診照護系列""－""周弘傑""－""高危險新生兒",152
公務類,專業職能,衛生醫療,"新生兒轉診照護系列""－""張瑞辛""－""周產期醫學",143
公務類,專業職能,衛生醫療,"新生兒轉診照護系列""－""許瓊心""－""病嬰轉診之準備工作及穩定病況暨討論",140
公務類,專業職能,衛生醫療,"照護管理1""─""團隊運作及團隊管理之管理原則",1026
公務類,專業職能,衛生醫療,"照護管理2""─""照護品質監控與成效評估",877
公務類,專業職能,衛生醫療,"照護管理3""─""糖尿病防治政策及推動現況與展望",842
公務類,專業職能,衛生醫療,"照護管理4""─""全民健康保險糖尿病醫療給付改善方案試辦計畫",840
公務類,專業職能,衛生醫療,"對於心血管疾病患者建議的健康生活型態""－""臺北市政府衛生局提供",1596
公務類,專業職能,衛生醫療,疑似性侵害案件驗傷採證,443
公務類,專業職能,衛生醫療,"管制藥品稽核實務及法規宣導""－""新北市政府衛生局提供",1352
公務類,專業職能,衛生醫療,"管理衛生人員講習""（""國語版""）""""－""新北市政府衛生局提供""－""新北市政府衛生局提供",734
公務類,專業職能,衛生醫療,緊急救護技術員安全規範,913
公務類,專業職能,衛生醫療,"臺北市青少年戒菸教育e化數位教材""－""反菸拒菸之宣導""－""臺北市政府衛生局提供",1077
公務類,專業職能,衛生醫療,"臺北市青少年戒菸教育e化數位教材""－""戒菸方法之教導""－"" 臺北市政府衛生局提供",1074
公務類,專業職能,衛生醫療,"臺北市政府緊急救護技術員到院前緊急救護作業程序""－""通用程序篇",1484
公務類,專業職能,衛生醫療,"臺北市政府緊急救護技術員到院前緊急救護作業程序""－""創傷程序篇",1561
公務類,專業職能,衛生醫療,"認識失智症及其徵兆與預防""（""上""）""""－""衛生福利部國民健康署提供",305
公務類,專業職能,衛生醫療,"認識失智症及其徵兆與預防""（""下""）""""－""衛生福利部國民健康署提供",299
公務類,專業職能,衛生醫療,"機構住民安全與感染控制實務""（""照顧服務員版""）""",1108
公務類,專業職能,衛生醫療,"機構住民安全與感染控制實務""（""護理人員版""）""",1371
公務類,專業職能,衛生醫療,"糖尿病共同照護網""─""照護管理課程""（""限醫事人員""）""",2434
公務類,專業職能,衛生醫療,"頭部""、""顏面""、""胸部及腹部創傷病人處置",2115
公務類,專業職能,衛生醫療,"藥事法相關法規宣導""－""新北市政府衛生局提供",1646
公務類,專業職能,衛生醫療,"關於健保，你可以知道得更多""－""行政院衛生署提供",223
公務類,專業職能,衛生醫療,警消人員護送就醫教育訓練,5281
公務類,專業職能,警政,"""[""性別主流化""]""性騷擾事件之申訴與處理",7049
公務類,專業職能,警政,"""[""性別主流化""]""葉毓蘭""－""國際與台灣人口販運現況分析",6144
公務類,專業職能,警政,"""[""環境教育""]""指揮搶救技能",2
公務類,專業職能,警政,2015光州世大運觀摩與心得分享,557
公務類,專業職能,警政,千萬別緊張！火災預防日記,1486
公務類,專業職能,警政,火災不要怕！應變預防日記,1831
公務類,專業職能,警政,如何觀賞柔道比賽,643
公務類,專業職能,警政,柔道技術動作教學,797
公務類,專業職能,警政,"柔道技術運用""－""簡易防身術",767
公務類,專業職能,警政,柔道基礎入門暨技術動作教學,679
公務類,專業職能,警政,家庭暴力及性侵害案件認識與通報,3465
公務類,專業職能,警政,高層建築物火災搶救標準作業程序,924
資訊類,軟體應用,手機程式,"Android手機UI與多媒體程式開發""（""四之一""）""""：""開發環境建置與基本指令",196
資訊類,軟體應用,手機程式,"Android手機UI與多媒體程式開發""（""四之二""）""""：""互動與衛星定位技術",176
資訊類,軟體應用,手機程式,"Android手機UI與多媒體程式開發""（""四之三""）""""：""資料類別與Google Maps",152
資訊類,軟體應用,手機程式,"Android手機UI與多媒體程式開發""（""四之四""）""""：""業界整合範例與實際上架",156
資訊類,軟體應用,手機程式,"Android手機系統與應用程式開發之一""：""市場與開發環境建置",174
資訊類,軟體應用,手機程式,"Android手機系統與應用程式開發之七""：""服務廣播與Android資料儲存""（""進階""）""",145
資訊類,軟體應用,手機程式,"Android手機系統與應用程式開發之二""：""組成要件與生命週期",141
資訊類,軟體應用,手機程式,"Android手機系統與應用程式開發之八""：""GPS地圖導航與WebView",184
資訊類,軟體應用,手機程式,"Android手機系統與應用程式開發之三""：""Widget創作套件",144
資訊類,軟體應用,手機程式,"Android手機系統與應用程式開發之五""：""i18n與選單製作",140
資訊類,軟體應用,手機程式,"Android手機系統與應用程式開發之六""：""ListView與Android資料儲存""（""初階""）""",153
資訊類,軟體應用,手機程式,"Android手機系統與應用程式開發之四""：""Layout畫面佈局",129
資訊類,軟體應用,手機程式,"Android創新應用程式開發之一""：""多媒體與語音辨識",144
資訊類,軟體應用,手機程式,"Android創新應用程式開發之二""：""2D繪圖",153
資訊類,軟體應用,手機程式,"Android創新應用程式開發之五""：""進階背景服務與NFC",247
資訊類,軟體應用,手機程式,"Android創新應用程式開發之六""：""行動咖啡點餐系統",171
資訊類,軟體應用,手機程式,"Android創新應用程式開發之四""：""觸控""、""手勢與QR Code",186
資訊類,軟體應用,手機程式,"Android程式設計入門""（""上""）""",359
資訊類,軟體應用,手機程式,"Android程式設計入門""（""下""）""",462
資訊類,軟體應用,手機程式,"Android程式設計入門""（""中""）""",305
資訊類,軟體應用,手機程式,Android程式設計應用,337
資訊類,軟體應用,手機程式,"iPhone/iPad應用程式開發""（""一""）""""：""iOS介紹與C語言基礎",192
資訊類,軟體應用,手機程式,"iPhone/iPad應用程式開發""（""七""）""""：""Core Data與聯絡人",260
資訊類,軟體應用,手機程式,"iPhone/iPad應用程式開發""（""九""）""""：""定位與地圖",275
資訊類,軟體應用,手機程式,"iPhone/iPad應用程式開發""（""二""）""""：""Objective""－""C語言基礎",167
資訊類,軟體應用,手機程式,"iPhone/iPad應用程式開發""（""八""）""""：""音效與麥克風的使用",301
資訊類,軟體應用,手機程式,"iPhone/iPad應用程式開發""（""十""）""""：""應用程式的完善與發佈",340
資訊類,軟體應用,手機程式,"iPhone/iPad應用程式開發""（""十一""）""""：""專題實作",588
資訊類,軟體應用,手機程式,"iPhone/iPad應用程式開發""（""三""）""""：""證書""、""工具與基本機制",156
資訊類,軟體應用,手機程式,"iPhone/iPad應用程式開發""（""五""）""""：""基本元件""（""下""）""",152
資訊類,軟體應用,手機程式,"iPhone/iPad應用程式開發""（""六""）""""：""檔案存取與表格元件",399
資訊類,軟體應用,手機程式,"iPhone/iPad應用程式開發""（""四""）""""：""基本元件""（""上""）""",208
資訊類,軟體應用,手機程式,認識公務Line與行銷,882
資訊類,軟體應用,手機程式,認識智慧型行動載具,1050
資訊類,軟體應用,美工繪圖,"3dsMax""－""2012""－""基礎入門""（""上""）""""：""基本操作與幾何造型",150
資訊類,軟體應用,美工繪圖,"3dsMax""－""2012""－""基礎入門""（""下""）""""：""材質燈光與渲染效果",116
資訊類,軟體應用,美工繪圖,"3dsMax""－""入門與空間組合",220
資訊類,軟體應用,美工繪圖,"3dsMax室內設計創意速成""（""上""、""下""）""",267
資訊類,軟體應用,美工繪圖,3dsMax修改器與模型製作,222
資訊類,軟體應用,美工繪圖,3dsMax造形物件與長成建模,228
資訊類,軟體應用,美工繪圖,3dsMax燈光照明模擬與彩現輸出,170
資訊類,軟體應用,美工繪圖,3D列印實作工坊,134
資訊類,軟體應用,美工繪圖,"AutoCAD 2014 3D基礎入門""（""上""）""",180
資訊類,軟體應用,美工繪圖,"AutoCAD 2014 3D基礎入門""（""下""）""",160
資訊類,軟體應用,美工繪圖,"AutoCAD 2014 3D進階應用""（""上""）""",203
資訊類,軟體應用,美工繪圖,"AutoCAD 2014 3D進階應用""（""下""）""",187
資訊類,軟體應用,美工繪圖,"AutoCAD 2016基礎入門之一""：""基礎操作",646
資訊類,軟體應用,美工繪圖,"AutoCAD 2016基礎入門之二""：""座標""、""輔助繪圖與修改指令",796
資訊類,軟體應用,美工繪圖,"AutoCAD 2016基礎入門之三""：""繪圖指令與修改指令",595
資訊類,軟體應用,美工繪圖,"AutoCAD 2016基礎入門之五""：""精選練習範例",617
資訊類,軟體應用,美工繪圖,"AutoCAD 2016基礎入門之六""：""整合應用練習",648
資訊類,軟體應用,美工繪圖,"AutoCAD 2016基礎入門之四""：""修改指令",908
資訊類,軟體應用,美工繪圖,AutoCAD2008平面繪圖工程師1,376
資訊類,軟體應用,美工繪圖,AutoCAD2008平面繪圖工程師2,675
資訊類,軟體應用,美工繪圖,AutoCAD2008平面繪圖工程師3,499
資訊類,軟體應用,美工繪圖,AutoCAD2008實體繪圖工程師,611
資訊類,軟體應用,美工繪圖,"AutoCAD""－""2010""－""平面高階應用",161
資訊類,軟體應用,美工繪圖,"AutoCAD""－""2010""－""平面基礎入門""（""上""、""中""、""下""）""",447
資訊類,軟體應用,美工繪圖,"AutoCAD""－""2010""－""平面進階應用",158
資訊類,軟體應用,美工繪圖,"AutoCAD""－""2011""－""3D基礎入門""（""上""、""下""）""",377
資訊類,軟體應用,美工繪圖,"AutoCAD""－""2011""－""3D進階應用""（""上""、""下""）""",403
資訊類,軟體應用,美工繪圖,"AutoCAD""－""2012""－""2D基礎入門之一""：""操作介面與基本功能",114
資訊類,軟體應用,美工繪圖,"AutoCAD""－""2012""－""2D基礎入門之二""：""直線畫法",108
資訊類,軟體應用,美工繪圖,"AutoCAD""－""2012""－""2D基礎入門之三""：""圓畫法""（""上""）""",107
資訊類,軟體應用,美工繪圖,"AutoCAD""－""2012""－""2D基礎入門之五""：""其他繪圖指令""（""上""）""",107
資訊類,軟體應用,美工繪圖,"AutoCAD""－""2012""－""2D基礎入門之六""：""其他繪圖指令""（""下""）""",108
資訊類,軟體應用,美工繪圖,"AutoCAD""－""2012""－""2D基礎入門之四""：""圓畫法""（""下""）""",109
資訊類,軟體應用,美工繪圖,"AutoCAD""－""2012""－""3D基礎入門""（""上""）""",105
資訊類,軟體應用,美工繪圖,"AutoCAD""－""2012""－""3D基礎入門""（""下""）""",135
資訊類,軟體應用,美工繪圖,"AutoCAD""－""2012""－""3D進階應用""（""上""）""",138
資訊類,軟體應用,美工繪圖,"AutoCAD""－""2012""－""3D進階應用""（""下""）""",134
資訊類,軟體應用,美工繪圖,"CorelDRAW X8向量繪圖之一""：""基礎技能養成",675
資訊類,軟體應用,美工繪圖,"CorelDRAW X8向量繪圖之二""：""點線面的實戰",913
資訊類,軟體應用,美工繪圖,"Illustrator CC插畫設計""（""上""）""",353
資訊類,軟體應用,美工繪圖,"Illustrator CC插畫設計""（""下""）""",238
資訊類,軟體應用,美工繪圖,"InDesign""－""CS5""－""跨界數位出版""（""上""）""",182
資訊類,軟體應用,美工繪圖,"InDesign""－""CS5""－""跨界數位出版""（""下""）""",175
資訊類,軟體應用,美工繪圖,LINE貼圖設計實作,313
資訊類,軟體應用,美工繪圖,"Photoshop CC影像設計""（""上""）""",273
資訊類,軟體應用,美工繪圖,"Photoshop CC影像設計""（""下""）""",211
資訊類,軟體應用,美工繪圖,"Photoshop初階""－""影像編修技巧",495
資訊類,軟體應用,美工繪圖,"Photoshop進階""－""影像視覺設計",406
資訊類,軟體應用,美工繪圖,Visio 2013視覺化溝通工具,284
資訊類,軟體應用,美工繪圖,"免費繪圖軟體""－""Inkscape向量繪圖應用秘笈",360
資訊類,軟體應用,美工繪圖,"免費繪圖軟體""－""用Gimp彩繪生活1",261
資訊類,軟體應用,美工繪圖,"免費繪圖軟體""－""用Gimp彩繪生活2",242
資訊類,軟體應用,美工繪圖,桌面型3D印表機簡介及3D列印產業現況與展望,123
資訊類,軟體應用,美工繪圖,"會聲會影""－""影片剪輯王",823
資訊類,軟體應用,美工繪圖,數位相片拍攝與Picasa應用,151
資訊類,軟體應用,美工繪圖,數位影像整合,447
資訊類,軟體應用,美工繪圖,"攝影玩家入門""：""相機介紹與拍攝技巧",1240
資訊類,軟體應用,美工繪圖,"攝影玩家入門""：""圖庫管理與後製編修",2075
資訊類,軟體應用,基礎程式,"C＆C++程式物件導向設計""（""上""）""",439
資訊類,軟體應用,基礎程式,"C＆C++程式物件導向設計""（""下""）""",463
資訊類,軟體應用,基礎程式,"C＆C++程式進階設計""（""上""）""",407
資訊類,軟體應用,基礎程式,"C＆C++程式進階設計""（""下""）""",324
資訊類,軟體應用,基礎程式,"C""、""C++程式設計入門""：""C語言特色與程式結構",473
資訊類,軟體應用,基礎程式,"C""、""C++程式設計入門""：""選擇結構與重複結構",348
資訊類,軟體應用,基礎程式,Google Earth操作與應用,338
資訊類,軟體應用,基礎程式,"VB.NET""－""物件導向語言程式設計",596
資訊類,軟體應用,基礎程式,"VB.NET""－""流程控制""、""函數程序",405
資訊類,軟體應用,基礎程式,"VB.NET""－""陣列與例外處理",583
資訊類,軟體應用,基礎程式,"VB.NET""－""開發簡介""、""型別及運算子",320
資訊類,軟體應用,基礎程式,Windows 8基礎入門,374
資訊類,軟體應用,基礎程式,Windows 8進階應用,232
資訊類,軟體應用,網頁程式,Arduino紅綠燈設計,324
資訊類,軟體應用,網頁程式,"C++程式設計進階""：""指標與陣列",648
資訊類,軟體應用,網頁程式,CMS快速架站設計,433
資訊類,軟體應用,網頁程式,"CSS""、""JavaScript基礎入門",322
資訊類,軟體應用,網頁程式,"Dreamweaver CC創意網頁設計""（""上""）""",146
資訊類,軟體應用,網頁程式,"Dreamweaver CC創意網頁設計""（""下""）""",138
資訊類,軟體應用,網頁程式,"Dreamweaver""－""CS6""－""網頁動態效果設計",193
資訊類,軟體應用,網頁程式,"Dreamweaver""－""CS6""－""網頁規劃設計",197
資訊類,軟體應用,網頁程式,HTML 5 跨平台網頁設計,160
資訊類,軟體應用,網頁程式,"HTML5 ＆ CSS3網頁程式""（""上""）""",633
資訊類,軟體應用,網頁程式,"HTML5 ＆ CSS3網頁程式""（""下""）""",882
資訊類,軟體應用,網頁程式,MySQL資料庫立即上手,394
資訊類,軟體應用,網頁程式,PHP全動態購物網站設計實務之一,0
資訊類,軟體應用,網頁程式,PHP全動態購物網站設計實務之二,1
資訊類,軟體應用,網頁程式,PHP全動態購物網站設計實務之三,0
資訊類,軟體應用,網頁程式,PHP全動態購物網站設計實務之四,0
資訊類,軟體應用,網頁程式,"PHP與MySQL實務應用之一""：""表單傳遞與PHP程式流程",171
資訊類,軟體應用,網頁程式,"PHP與MySQL實務應用之二""：""PHP重要函數整理",202
資訊類,軟體應用,網頁程式,"PHP與MySQL實務應用之三""：""MySQL資料庫設計與權限管理",202
資訊類,軟體應用,網頁程式,"PHP與MySQL實務應用之四""：""SQL語法與資料庫連線處理",213
資訊類,軟體應用,網頁程式,"Swift程式設計之一""：""初探Swift語言",370
資訊類,軟體應用,網頁程式,"Swift程式設計之二""：""Swift函數與閉包",234
資訊類,軟體應用,網頁程式,"Swift程式設計之三""：""Swift列舉""、""結構與物件",335
資訊類,軟體應用,網頁程式,"Swift程式設計之四""："" Swift的搭配性",337
資訊類,軟體應用,網頁程式,"免費架站軟體""－""Joomla網站建置百變金剛",267
資訊類,軟體應用,網頁程式,"免費架站軟體""－""Moodle數位學習平台管理與應用",709
資訊類,軟體應用,網頁程式,"免費架站軟體""－""XOOPS互動網站及設計佈景",418
資訊類,軟體應用,網頁程式,"免費網頁製作軟體""－""用KompoZer設計專業網站",219
資訊類,軟體應用,網頁程式,"智慧車互動設計之一""：""Arduino基本介紹與程式開發原理",294
資訊類,軟體應用,網頁程式,"零成本網路創業""（""上""）""",394
資訊類,軟體應用,網頁程式,"零成本網路創業""（""下""）""",272
資訊類,軟體應用,網頁程式,"網頁互動特效程式設計之一""：""Flash網站設計",0
資訊類,軟體應用,網頁程式,"網頁互動特效程式設計之二""：""Flash事件與外部資源整合",0
資訊類,軟體應用,網頁程式,"網頁互動特效程式設計之三""：""Flash自訂捲軸與網頁化設計",0
資訊類,軟體應用,網頁程式,"網頁互動特效程式設計之四""：""認識HTML 5""、""CSS 3與JavaScript",0
資訊類,軟體應用,網頁程式,網路公務相關免費軟體教學,279
資訊類,軟體應用,網頁程式,"響應式跨平台網頁設計之一""：""網站規劃與HTML5網站版型設計",539
資訊類,軟體應用,網頁程式,"響應式跨平台網頁設計之二""：""CSS3網頁效果與響應式購物網站製作",447
資訊類,軟體應用,網頁程式,"響應式跨平台網頁設計之三""：""Muse網站實作—企業網站",310
資訊類,軟體應用,網頁程式,"響應式跨平台網頁設計之四""：""jQuery與Edge Animate應用",465
資訊類,軟體應用,認證檢定,"CompTIA認證系列""－""Security+CLASS1",684
資訊類,軟體應用,認證檢定,"CompTIA認證系列""－""Security+CLASS2",471
資訊類,軟體應用,認證檢定,"CompTIA認證系列""－""Security+CLASS3",745
資訊類,軟體應用,認證檢定,"CompTIA認證系列""－""Security+CLASS4",533
資訊類,軟體應用,認證檢定,"CompTIA認證系列""－""Security+CLASS5",736
資訊類,軟體應用,認證檢定,國家乙級軟體應用學科,254
資訊類,軟體應用,認證檢定,國家丙級軟體應用學科,428
資訊類,軟體應用,影音動畫,"Final Cut Pro數位影音大師之三""：""進階剪接與標題文字",190
資訊類,軟體應用,影音動畫,"Final Cut Pro數位影音大師之五""：""專案輸出與Motion 5整合應用",310
資訊類,軟體應用,影音動畫,"Final Cut Pro數位影音大師之四""：""影音特效與視覺合成",237
資訊類,軟體應用,影音動畫,"FinalCutPro數位影音大師之一""：""完全活用你的iMovie",345
資訊類,軟體應用,影音動畫,"FinalCutPro數位影音大師之二""：""匯入素材與影片剪接",238
資訊類,軟體應用,影音動畫,FlashCS4動畫特效製作,337
資訊類,軟體應用,影音動畫,"FlashCS5動畫特效製作""（""上""、""下""）""",477
資訊類,軟體應用,影音動畫,"FlashCS5動畫創意入門""（""上""、""下""）""",460
資訊類,軟體應用,影音動畫,"Flash""－""CS6""－""動畫效果製作",308
資訊類,軟體應用,影音動畫,"Flash""－""CS6""－""動畫創意入門",243
資訊類,軟體應用,影音動畫,movie maker影片製作,637
資訊類,軟體應用,影音動畫,"免費音樂剪輯軟體""－""用Audacity玩我的音樂",351
資訊類,軟體應用,影音動畫,"會聲會影""－""快速範本應用""－""臺北市職能發展學院提供",247
資訊類,軟體應用,影音動畫,"跨媒體影音特效剪輯之一""：""前製期與剪輯初體驗",513
資訊類,軟體應用,影音動畫,"跨媒體影音特效剪輯之二""：""進階剪輯與光碟燒錄",582
資訊類,軟體應用,影音動畫,"跨媒體影音特效剪輯之三""：""基礎合成技術",612
資訊類,軟體應用,影音動畫,"跨媒體影音特效剪輯之五""：""進階合成技術""（""下""）""",759
資訊類,軟體應用,影音動畫,"跨媒體影音特效剪輯之四""：""進階合成技術""（""上""）""",646
資訊類,軟體應用,辦公室實用,Access 2013資料庫設計,579
資訊類,軟體應用,辦公室實用,Access 2013資料庫進階應用,591
資訊類,軟體應用,辦公室實用,Access2010資料庫設計1,307
資訊類,軟體應用,辦公室實用,Access2010資料庫設計2,277
資訊類,軟體應用,辦公室實用,Acrobat數位文件整合設計,229
資訊類,軟體應用,辦公室實用,Calc常用函數入門,554
資訊類,軟體應用,辦公室實用,Calc常用函數進階,510
資訊類,軟體應用,辦公室實用,Calc統計分析,491
資訊類,軟體應用,辦公室實用,Excel 2013進階應用,884
資訊類,軟體應用,辦公室實用,Excel 2013精算大師,827
資訊類,軟體應用,辦公室實用,Excel 2016基礎養成,1911
資訊類,軟體應用,辦公室實用,"Excel""－""2010""－""進階應用""（""上""）""",382
資訊類,軟體應用,辦公室實用,"Excel""－""2010""－""進階應用""（""下""）""",357
資訊類,軟體應用,辦公室實用,Excel2010精算大師1,582
資訊類,軟體應用,辦公室實用,Excel2010精算大師2,461
資訊類,軟體應用,辦公室實用,"Excel查表函數應用""－""臺北市職能發展學院提供",341
資訊類,軟體應用,辦公室實用,"Excel職場必學函數應用""（""上""）""",1165
資訊類,軟體應用,辦公室實用,"Excel職場必學函數應用""（""下""）""",1028
資訊類,軟體應用,辦公室實用,Excel職場必學統計分析,1259
資訊類,軟體應用,辦公室實用,Excel職場必學統計分析2017,1933
資訊類,軟體應用,辦公室實用,Impress簡報製作,466
資訊類,軟體應用,辦公室實用,"Office 365協同作業""（""上""）""",180
資訊類,軟體應用,辦公室實用,"Office 365協同作業""（""下""）""",226
資訊類,軟體應用,辦公室實用,Outlook 2013人脈管理王,384
資訊類,軟體應用,辦公室實用,PDF編輯與FTP檔案傳輸,757
資訊類,軟體應用,辦公室實用,PowerPoint 2013簡報創意王,466
資訊類,軟體應用,辦公室實用,PowerPoint2010簡報創意王,679
資訊類,軟體應用,辦公室實用,Project 2013專案管理,626
資訊類,軟體應用,辦公室實用,Project 2013實務應用,433
資訊類,軟體應用,辦公室實用,Python入門,1604
資訊類,軟體應用,辦公室實用,Python資料處理與物件導向,1309
資訊類,軟體應用,辦公室實用,Windows10基本操作,1318
資訊類,軟體應用,辦公室實用,Windows7視窗應用1,400
資訊類,軟體應用,辦公室實用,Windows7視窗應用2,360
資訊類,軟體應用,辦公室實用,"Word 2013 ""－"" 長文件製作",957
資訊類,軟體應用,辦公室實用,Word 2013文書排版,627
資訊類,軟體應用,辦公室實用,Word 2013進階應用,633
資訊類,軟體應用,辦公室實用,Word 2016文書排版,2044
資訊類,軟體應用,辦公室實用,Word 2016進階應用,1568
資訊類,軟體應用,辦公室實用,Word2007網頁教材養成實務,0
資訊類,軟體應用,辦公室實用,Word2010文書排版1,588
資訊類,軟體應用,辦公室實用,Word2010文書排版2,447
資訊類,軟體應用,辦公室實用,"Word""－""2010""－""進階應用""（""上""）""",389
資訊類,軟體應用,辦公室實用,"Word""－""2010""－""進階應用""（""下""）""",505
資訊類,軟體應用,辦公室實用,Writer文書排版特殊運用,718
資訊類,軟體應用,辦公室實用,Writer文書排版基本技巧,807
資訊類,軟體應用,辦公室實用,用PowerPoint2007建立上課素材的技巧,0
資訊類,軟體應用,辦公室實用,"免費心智圖軟體""－""FreeMind輕鬆學",296
資訊類,軟體應用,辦公室實用,"免費文書處理軟體""－""Writer進階課程",431
資訊類,軟體應用,辦公室實用,"免費流程圖軟體""－""用Dia製圖一把罩",247
資訊類,軟體應用,辦公室實用,"免費郵件管理軟體""－""Thunderbird",236
資訊類,軟體應用,辦公室實用,倉頡中文輸入法,283
資訊類,軟體應用,辦公室實用,基本網路架設與雲端技術介紹,259
資訊類,軟體應用,辦公室實用,淺談免費雲端Office工具,423
資訊類,軟體應用,辦公室實用,"雲端運算整合個人工作與生活應用_Evernote""、"" Dropbox",339
資訊類,軟體應用,辦公室實用,"數位文件管理達人""（""上""）""",267
資訊類,軟體應用,辦公室實用,"數位文件管理達人""（""下""）""",234
資訊類,軟體應用,辦公室實用,簡報必備技能,763
資訊類,軟體應用,辦公室實用,"職場力""：""專業企劃書設計""（""上""）""",312
資訊類,軟體應用,辦公室實用,"職場力""：""專業企劃書設計""（""下""）""",186
資訊類,軟體應用,辦公室實用,"職場力""：""專業企劃書設計""（""中""）""",235
資訊類,軟體應用,辦公室實用,"職場力""：""專業吸睛簡報設計""－""臺北市職能發展學院提供",664
資訊類,軟體應用,辦公室實用,"職場力""：""專業圖表分析製作""（""104.08新版""）""""－""臺北市職能發展學院提供",644
資訊類,資訊概論,電腦基礎,Facebook與Skype應用,2332
資訊類,資訊概論,電腦基礎,"RFID在中小企業的應用""－""經濟部中小企業處提供",0
資訊類,資訊概論,電腦基礎,"日常工作中如何落實資訊安全""－""中華郵政股份有限公司提供",6843
資訊類,資訊概論,電腦基礎,"即時通訊""－""中小企業電話節費利器",1
資訊類,資訊概論,電腦基礎,防毒資安基礎訓練,20616
資訊類,資訊概論,電腦基礎,海量資料分析與應用,1131
資訊類,資訊概論,電腦基礎,"張淑萍""－""數位學習導論",1064
資訊類,資訊概論,電腦基礎,資訊安全,0
資訊類,資訊概論,電腦基礎,"資訊安全""－""行動裝置安全防護",8618
資訊類,資訊概論,電腦基礎,"資訊安全""－""網路資安事件分析",10310
資訊類,資訊概論,電腦基礎,電腦基本概論與硬體維護,1321
資訊類,資訊概論,電腦基礎,"銀髮族的平板電腦操作入門必備密技""－""國立暨南國際大學提供",988
資訊類,資訊概論,電腦基礎,"銀髮資訊課程教學技巧""－""教育部提供",1685
資訊類,資訊概論,電腦基礎,檔案壓縮與電腦防毒,6789
資訊類,資訊概論,網路資源,"""[""微課程""]""打造雲端問卷秒上手",111
資訊類,資訊概論,網路資源,Chrome瀏覽器介紹與Google雲端服務導覽,580
資訊類,資訊概論,網路資源,"Gmail信箱""、""應用商店使用",423
資訊類,資訊概論,網路資源,Google文件與雲端硬碟應用,1103
資訊類,資訊概論,網路資源,Google行事曆應用,696
資訊類,資訊概論,網路資源,IPv6作業系統與應用服務建置,406
資訊類,資訊概論,網路資源,"VR翻轉教育帶領新浪潮""－""中小企業網路大學校提供",1967
資訊類,資訊概論,網路資源,Youtube實用操作技巧及行銷管理,1347
資訊類,資訊概論,網路資源,大數據應用基礎及發展,3832
資訊類,資訊概論,網路資源,北市圖電子書大觀園,1475
資訊類,資訊概論,網路資源,"朱惠芬""－""網路色情與網站分級過濾",497
資訊類,資訊概論,網路資源,"何燦群""－""地理資訊系統教育訓練""－""GoogleEarth的進階應用",327
資訊類,資訊概論,網路資源,"免費架站軟體""－""Apache網站伺服器架設",219
資訊類,資訊概論,網路資源,"免費網頁瀏覽器軟體""－""Firefox初探",264
資訊類,資訊概論,網路資源,"我的電腦不怕駭""－""資通安全實務""－""高雄市政府公務人力發展中心提供",9545
資訊類,資訊概論,網路資源,"建構物聯網基礎單元與技術""－""臺北市職能發展學院提供",267
資訊類,資訊概論,網路資源,"科技法律概論""－""國立空中大學提供",734
資訊類,資訊概論,網路資源,"從人的服務到AI機器人服務—客服產業應用實例""－""中小企業網路大學校提供",2492
資訊類,資訊概論,網路資源,"教我寫功課""─""語文""、""自然""、""歷史""、""地理工具書及電子資料庫綜合介紹",318
資訊類,資訊概論,網路資源,"雲端""、""大數據""、""物聯網之整合應用""－""中小企業網路大學校提供",1792
資訊類,資訊概論,網路資源,雲端自主學習,908
資訊類,資訊概論,網路資源,雲端服務與圖書館自動化,462
資訊類,資訊概論,網路資源,"雲端簡報輕鬆做""－""臺北市職能發展學院提供",249
資訊類,資訊概論,網路資源,"新網站整合平臺""－""一般上稿者課程""－""臺北市資訊局提供",3042
資訊類,資訊概論,網路資源,"新網站整合平臺""－""網站管理者課程""－""臺北市資訊局提供",1580
資訊類,資訊概論,網路資源,"資訊安全""（""106年度""）""",9968
資訊類,資訊概論,網路資源,"電子書easy read ""─""市圖電子書綜合介紹與利用指導",316
資訊類,資訊概論,網路資源,電子資源整合查詢系統介紹及利用,265
資訊類,資訊概論,網路資源,電腦網路概論,520
資訊類,資訊概論,網路資源,"圖書館利用教育""－""生活知識家免費網路資源選介及檢索技巧",326
資訊類,資訊概論,網路資源,"圖書館利用教育""－""即時新聞挖挖哇""－""報紙資料庫及資源介紹與利用",339
資訊類,資訊概論,網路資源,"圖書館利用教育""－""圖書館資源利用指導",336
資訊類,資訊概論,網路資源,"網路世界逍遙遊1""－""上網""、""搜尋""、""MSN",1
資訊類,資訊概論,網路資源,"網路世界逍遙遊2""－""Skype""、""部落格",1
資訊類,資訊概論,網路資源,"網路世界逍遙遊3""－""購物""、""拍賣",1
資訊類,資訊概論,網路資源,臺灣主題資料庫介紹,227
管理類,公共議題,財稅法制,土地增值稅法規及實務,168
管理類,公共議題,財稅法制,"土地增值稅節稅秘笈""：""自用住宅用地篇""－""臺中市政府地方稅務局提供",473
管理類,公共議題,財稅法制,不動產買賣節稅申報,311
管理類,公共議題,財稅法制,"加值型及非加值型營業稅法部分增修條文介紹""－""財政部臺北國稅局提供",591
管理類,公共議題,財稅法制,全球化時代下的國際觀,654
管理類,公共議題,財稅法制,印花稅法規及實務,190
管理類,公共議題,財稅法制,多角貿易營業稅申報實務,355
管理類,公共議題,財稅法制,使用牌照稅法規解析,781
管理類,公共議題,財稅法制,"兩稅合一申報實務""－""財政部臺北國稅局提供",298
管理類,公共議題,財稅法制,"房地稅小學堂""－""臺中市政府地方稅務局提供",304
管理類,公共議題,財稅法制,契稅法規及實務,142
管理類,公共議題,財稅法制,"美國與歐盟經濟趨勢變動分析""－""國立空中大學提供",425
管理類,公共議題,財稅法制,"個人綜合所得稅""（""一""）""""－""財政部中區國稅局提供",1
管理類,公共議題,財稅法制,"個人綜合所得稅""（""二""）""""－""財政部中區國稅局提供",1
管理類,公共議題,財稅法制,"兼營營業人營業稅申報實務""－""財政部臺北國稅局提供",898
管理類,公共議題,財稅法制,"租稅探索頻道""─""印花稅""、""娛樂稅及使用牌照稅面面觀""－""臺中市政府地方稅務局提供",229
管理類,公共議題,財稅法制,"租稅減免法規""－""財政部臺北市國稅局提供",299
管理類,公共議題,財稅法制,"國際金融趨勢與人民幣國際化""－""國立空中大學提供",497
管理類,公共議題,財稅法制,"國際租稅協定及外商課稅法令""－""財政部臺北國稅局提供",449
管理類,公共議題,財稅法制,"國際經濟變化與金融行為及資訊風險控管""－""國立空中大學提供",441
管理類,公共議題,財稅法制,"細說營業登記""－""財政部臺北國稅局提供",0
管理類,公共議題,財稅法制,"新設立營利事業所得稅申報實務""－""財政部臺北國稅局提供",223
管理類,公共議題,財稅法制,"過五關""－""搞定外僑綜所稅""－""財政部臺北國稅局提供",320
管理類,公共議題,財稅法制,"電子發票應用推廣""－""財政部臺北市國稅局提供",423
管理類,公共議題,財稅法制,"網路交易營業稅申報實務""－""財政部臺北國稅局提供",241
管理類,公共議題,財稅法制,臺北市房屋稅變革,1
管理類,公共議題,財稅法制,"樂活人生輕鬆稅""－""臺中市政府地方稅務局提供",2347
管理類,公共議題,財稅法制,"鄧美君""－""地價稅法規及實務",156
管理類,公共議題,財稅法制,"遺產及贈與稅申報實務""－""財政部臺北國稅局提供",517
管理類,公共議題,財稅法制,"營利事業所得稅""－""常見違章案例解析""－""財政部臺北國稅局提供",241
管理類,公共議題,財稅法制,"營利事業所得稅暫繳法規及電子申報""－""財政部臺北市國稅局提供",498
管理類,公共議題,財稅法制,"營利事業設立""、""變更登記之相關規定及外籍旅客購物退稅須知",2
管理類,公共議題,財稅法制,"營利事業稅務入門""－""財政部臺北國稅局提供",314
管理類,公共議題,財稅法制,"營業稅電子申報繳稅作業""－""財政部臺北市國稅局提供",284
管理類,公共議題,財稅法制,"證券交易所得課稅""－""財政部臺北國稅局提供",359
管理類,公共議題,國家標準,"我國國家標準發展體系運作簡介""－""經濟部標檢局提供",373
管理類,公共議題,國家標準,"國外標準組織發展簡介""－""經濟部標檢局提供",497
管理類,公共議題,國家標準,"標準""、""標準化""、""符合性評鑑概論""－""經濟部標檢局提供",374
管理類,公共議題,國家標準,"標準化的意義與價值""－""經濟部標檢局提供",459
管理類,公共議題,勞動安全,"勞動身影""－""模板職人誌。從勞動法令探討勞工職場安全""－""臺北市政府勞動局提供",981
管理類,公共議題,勞動法制,"工作規則法令實務""－""臺北市政府勞工局提供",180
管理類,公共議題,勞動法制,"工程承攬安全衛生管理責任解析""－""臺北市政府勞工局提供",457
管理類,公共議題,勞動法制,"工會法新法""－""臺北市政府勞工局提供",322
管理類,公共議題,勞動法制,"工會的危機與轉機""－""臺北市政府勞工局提供",36
管理類,公共議題,勞動法制,"公司無預警倒閉，勞工如何自救？""－""臺北市政府勞動局提供",1621
管理類,公共議題,勞動法制,"公法""、""私法與勞動法之關係剖析""－""1""－""臺北市政府勞動局提供",555
管理類,公共議題,勞動法制,"公法""、""私法與勞動法之關係剖析""－""2""－""臺北市政府勞動局提供",731
管理類,公共議題,勞動法制,"公法""、""私法與勞動法之關係剖析""－""3""－""臺北市政府勞動局提供",381
管理類,公共議題,勞動法制,"加班權益你清楚嗎""－""加班費or補休？""－""臺北市政府勞動局提供",2076
管理類,公共議題,勞動法制,"各式勞工休假解析及常見問題""－""臺北市政府勞動局提供",0
管理類,公共議題,勞動法制,"你今天被責任制了嗎？""－""臺北市政府勞動局提供",2230
管理類,公共議題,勞動法制,"青少年暑期打工""－""雇主的片面規定別被騙！""－""臺北市政府勞動局提供",1506
管理類,公共議題,勞動法制,"城市治理""－""呂育誠""－""方案執行績效評估",1355
管理類,公共議題,勞動法制,"城市治理""－""邱天嵩""－""策略管理",1327
管理類,公共議題,勞動法制,"國民年金保險概要""－""臺北市政府內湖區公所提供",215
管理類,公共議題,勞動法制,"從最新法院實務判決解析勞動法令""（""三""）""""－""1""－""臺北市政府勞動局提供",178
管理類,公共議題,勞動法制,"從最新法院實務判決解析勞動法令""（""三""）""""－""2""－""臺北市政府勞動局提供",167
管理類,公共議題,勞動法制,"從最新法院實務判決解析勞動法令""（""三""）""""－""3""－""臺北市政府勞動局提供",255
管理類,公共議題,勞動法制,"從最新法院實務判決解析勞動法令""（""三""）""""－""4""－""臺北市政府勞動局提供",171
管理類,公共議題,勞動法制,"責任制解析""－""臺北市政府勞動局提供",0
管理類,公共議題,勞動法制,"部分工時工作者權益""－""臺北市政府勞動局提供",1
管理類,公共議題,勞動法制,"勞工安全衛生法令""、""消防安全常識及緊急災害應變處理流程",956
管理類,公共議題,勞動法制,"勞工保險及就業保險""－""保費繳納""－""勞動部提供",0
管理類,公共議題,勞動法制,"勞工保險及就業保險""－""納保業務""－""勞動部提供",188
管理類,公共議題,勞動法制,"勞工保險法令說明""－""勞動部提供",0
管理類,公共議題,勞動法制,"勞工訴訟扶助""－""勞動部提供",244
管理類,公共議題,勞動法制,"勞保給付""－""臺北市政府勞動局提供",1471
管理類,公共議題,勞動法制,"勞退新制大解析1""－""制度篇",0
管理類,公共議題,勞動法制,"勞退新制大解析2""－""實務篇",0
管理類,公共議題,勞動法制,"勞動派遣""－""臺北市政府勞動局提供",0
管理類,公共議題,勞動法制,"勞動基準法修法課程""（""一例一休""）""""－""臺北市政府勞動局提供",223
管理類,公共議題,勞動法制,"勞動基準法修訂重點""－""臺北市政府勞動局提供",0
管理類,公共議題,勞動法制,"勞動基準法""－""臺北市政府勞動局提供",0
管理類,公共議題,勞動法制,"勞基法新修正條文與勞資爭議問題解析""－""1""－""臺北市政府勞動局提供",0
管理類,公共議題,勞動法制,"勞基法新修正條文與勞資爭議問題解析""－""2""－""臺北市政府勞動局提供",0
管理類,公共議題,勞動法制,"勞基法新修正條文與勞資爭議問題解析""－""3""－""臺北市政府勞動局提供",0
管理類,公共議題,勞動法制,"勞基法新修正條文與勞資爭議問題解析""－""4""－""臺北市政府勞動局提供",0
管理類,公共議題,勞動法制,"勞基法新修正條文與勞資爭議問題解析""－""5""－""臺北市政府勞動局提供",0
管理類,公共議題,勞動法制,"勞基法新修正條文與勞資爭議問題解析""－""6""－""臺北市政府勞動局提供",0
管理類,公共議題,勞動法制,勞資爭議處理實例解析,0
管理類,公共議題,勞動法制,搭起勞資爭議消弭的橋樑,298
管理類,公共議題,勞動法制,"新鮮人一次搞懂勞動社會保障""－""臺北市政府勞工局提供",39
管理類,公共議題,勞動法制,"準備好你的退休夢想了嗎？檢視你的退休生活""－""臺北市政府勞動局提供",220
管理類,公共議題,勞動法制,"解析新勞動三法""－""臺北市政府勞工局提供",311
管理類,公共議題,勞動法制,"臺北市職安衛政策剖析""－""臺北市政府勞動局提供",655
管理類,公共議題,勞動法制,"輕鬆搞懂輪班制""－""臺北市政府勞動局提供",1755
管理類,公共議題,勞動法制,"職缺薪資面議""－""勞動契約審慎看""－""臺北市政府勞動局提供",1553
管理類,公共議題,勞動法制,"職場法令必修系列""－""""－""工時知多少""－""臺北市政府勞動局提供",1
管理類,公共議題,勞動法制,"職場法令必修系列""－""""－""工資知多少""－""臺北市政府勞動局提供",1
管理類,公共議題,勞動法制,"職場法令必修系列""－""""－""休假知多少",1
管理類,公共議題,勞動法制,"職場法令必修系列""－""""－""保險就是保障""－""臺北市政府勞動局提供",188
管理類,公共議題,勞動法制,"職場法令必修系列""－""""－""勞動契約面面觀""－""臺北市政府勞動局提供",1
管理類,公共議題,勞動法制,"職場法令必修系列""－""""－""勞資和平分手法""－""臺北市政府勞動局提供",185
管理類,公共議題,勞動法制,"職場法令必修系列""－""""－""勞資爭議停""、""看""、""聽""－""臺北市政府勞動局提供",1
管理類,公共議題,勞動法制,"職場法令必修系列""－""""－""間接勞動關係""－""臺北市政府勞動局提供",1
管理類,公共議題,勞動法制,"職場法令必修系列""－""""－""請假知多少""－""臺北市政府勞動局提供",1
管理類,公共議題,勞動法制,"職場法令必修系列""－""""－""遭遇職災怎麼辦""－""臺北市政府勞動局提供",596
管理類,公共議題,勞動法制,"職場法令必修系列""－""""－""簽約審視一把罩""－""臺北市政府勞動局提供",1
管理類,公共議題,勞動法制,"職場過勞預防""－""臺北市政府勞工局提供",1
管理類,公共議題,勞動法制,職業災害面面觀,1
管理類,公共議題,勞動法制,"職業災害補償""－""臺北市政府勞動局提供",1455
管理類,個人發展,工作技能," 求職技巧""－""臺北市職能發展學院提供",268
管理類,個人發展,工作技能,"The Art of Effective Communication""－""行政院人事行政總處公務人力發展學院提供",595
管理類,個人發展,工作技能,"口語表達技巧""－""行政院人事行政總處公務人力發展學院105年提供",4650
管理類,個人發展,工作技能,"口語表達技巧""－""行政院人事行政總處公務人力發展學院提供",2054
管理類,個人發展,工作技能,心智圖法,634
管理類,個人發展,工作技能,"企劃高手""－""中華郵政股份有限公司提供",576
管理類,個人發展,工作技能,政府機關職能資源之發展推動與應用,364
管理類,個人發展,工作技能,"孫子兵法""－""從談判角度活用孫子兵法""（""一""）""",2
管理類,個人發展,工作技能,"孫子兵法""－""從談判角度活用孫子兵法""（""二""）""",1
管理類,個人發展,工作技能,"孫子兵法""－""從談判角度活用孫子兵法""（""三""）""",1
管理類,個人發展,工作技能,"孫子兵法""－""從談判角度活用孫子兵法""（""五""）""",1
管理類,個人發展,工作技能,"孫子兵法""－""從談判角度活用孫子兵法""（""六""）""",1
管理類,個人發展,工作技能,"孫子兵法""－""從談判角度活用孫子兵法""（""四""）""",2
管理類,個人發展,工作技能,問題分析與解決指南,1
管理類,個人發展,工作技能,"執行力與人際互動""－""行政院人事行政總處公務人力發展學院提供",1040
管理類,個人發展,工作技能,"創意技巧""－""中華郵政股份有限公司提供",550
管理類,個人發展,工作技能,"創業圓夢系列""－""創業行銷策略與工具運用",674
管理類,個人發展,工作技能,"新移民生活輔導系列""－""職業訓練與就業輔導",1481
管理類,個人發展,工作技能,"會議引導與管理的技巧""－""行政院人事行政總處公務人力發展學院提供",1117
管理類,個人發展,工作技能,"會議管理大躍進""－""基礎篇",2
管理類,個人發展,工作技能,"會議管理大躍進""－""進階篇",1
管理類,個人發展,工作技能,當責式管理必勝術＿基礎篇,1
管理類,個人發展,工作技能,當責式管理必勝術＿進階篇,1
管理類,個人發展,工作技能,"經營人生第四張門票""－""""－""人際關係中的說話藝術",1
管理類,個人發展,工作技能,說服與談判技巧,1537
管理類,個人發展,工作技能,"辦理活動之標準作業程序及注意事項""－""臺北市政府內湖區公所提供",583
管理類,個人發展,工作技能,簡報技巧,776
管理類,個人發展,工作技能,"簡報技巧""－""第一次簡報就上手",2484
管理類,個人發展,工作技能,讀書會運作及實例,733
管理類,個人發展,自我管理,一堂課，學好口才,1
管理類,個人發展,自我管理,自我探索,1550
管理類,個人發展,自我管理,"快樂開門""－""服務High起來""－""行政院人事行政總處公務人力發展學院提供",1034
管理類,個人發展,自我管理,"流程與時間管理""－""行政院人事行政總處公務人力發展學院提供",2128
管理類,個人發展,自我管理,"胡筑生""－""工作計畫與管理",2451
管理類,個人發展,自我管理,"將軍情事""－""談孫子兵法的情緒管理",1313
管理類,個人發展,自我管理,"創新思維激發術""－""基礎篇",1
管理類,個人發展,自我管理,"創新思維激發術""－""進階篇",1
管理類,個人發展,自我管理,超效率自我管理＿基礎篇,1
管理類,個人發展,自我管理,超效率自我管理＿進階篇,1
管理類,個人發展,自我管理,"樊有美""－""全腦學習真Easy",1991
管理類,個人發展,自我管理,"翻轉你的腦袋""─""體驗學習""－""行政院人事行政總處公務人力發展學院提供",1689
管理類,個人發展,自我管理,職場必備的社交禮儀,1
管理類,個人發展,自我管理,職場必備的商務禮儀,3
管理類,個人發展,自我管理,職場美學,1779
管理類,個人發展,職涯規劃," 津貼講解""－""臺北市職能發展學院提供",633
管理類,個人發展,職涯規劃,升官防呆管理,54
管理類,個人發展,職涯規劃,"吳睿穎""－""職場新五力",811
管理類,個人發展,職涯規劃,"鍾育恆""－""公門好修行""－""談抉擇與快意人生",781
管理類,個人發展,職涯規劃,"鐘昱男""－""公務員的職涯規劃",1120
管理類,組織經營,前瞻治理,"地方治理""－""城市行銷與跨域合作""－""行政院人事行政總處公務人力發展學院提供",1720
管理類,組織經營,前瞻治理,"林建元""－""臺北好好看，大家一起來關心",841
管理類,組織經營,前瞻治理,"高效管理""－""談企業文化與組織效率",991
管理類,組織經營,前瞻治理,"組織氣候的塑造""－""高雄市政府公務人力發展中心提供",725
管理類,組織經營,前瞻治理,"溝通心訣竅""－""傾聽與表達""－""行政院人事行政總處公務人力發展學院提供",3055
管理類,組織經營,前瞻治理,"跨域合作實務探討""－""行政院人事行政總處公務人力發展學院提供",724
管理類,組織經營,前瞻治理,"羅致政""－""亞太局勢之發展",1442
管理類,組織經營,前瞻治理,"羅致政""－""城市競爭力",1319
管理類,組織經營,策略管理,"工會是洪水猛獸嗎？給企業主正確認識工會的一門課""－""臺北市政府勞動局提供",0
管理類,組織經營,策略管理,"天地顛倒翻？企業主面對工會團體協商要求應有的認識""－""臺北市政府勞動局提供",0
管理類,組織經營,策略管理,"你的部屬不會做？ – 作業指導篇""（""服務業""）""",37
管理類,組織經營,策略管理,"妥協與共識？給工會幹部的團體協商實務課程""－""臺北市政府勞動局提供",0
管理類,組織經營,策略管理,"建構策略核心組織""－""以臺北市政府衛生局及臺北市政府為例",9830
管理類,組織經營,策略管理,常用管理手法概述及市府策略地圖說明,1
管理類,組織經營,策略管理,"組織變革與組織發展""－""行政院人事行政總處公務人力發展學院提供",997
管理類,組織經營,策略管理,頂尖卓越的領導變革_進階篇,39
管理類,組織經營,策略管理,策略•引領組織前進的方向,64
管理類,組織經營,策略管理,"楊憲宏""─""數位時代的政策出路",787
管理類,組織經營,策略管理,管理•讓團隊散沙變巨塔,44
管理類,組織經營,策略管理,精實管理在組織的運用,1887
管理類,組織經營,策略管理,"環境情勢分析概論""－""行政院人事行政總處公務人力發展學院提供",1566
管理類,組織經營,願景領導,王道與組織文化,555
管理類,組織經營,願景領導,"林信義""－""共創願景邁向卓越",1122
管理類,組織經營,願景領導,"政策溝通與宣導""－""行政院人事行政總處公務人力發展學院提供",1687
管理類,組織經營,願景領導,"從三國演義""－""談領導統御",1
管理類,組織經營,願景領導,"經營願景建構術""－""基礎篇",1
管理類,組織經營,願景領導,"經營願景建構術""－""進階篇",1
管理類,組織經營,願景領導,"團隊建立與願景型塑""－""行政院人事行政總處公務人力發展學院提供",2605
管理類,組織經營,願景領導,"夥伴關係營造""－""行政院人事行政總處公務人力發展學院提供",1954
管理類,組織經營,願景領導,領導變革組織文化,514
管理類,組織經營,願景領導,撼動人心的魅力領導術,138
管理類,組織經營,願景領導,"激勵！激出團隊力""－""行政院人事行政總處公務人力發展學院提供",3826
管理類,組織經營,願景領導,"變革概論""－""行政院人事行政總處公務人力發展學院提供",1294
管理類,管理機能,人資管理,"""[""性別主流化""]""職場性別工作平等",1
管理類,管理機能,人資管理,"人力資源管理概論""－""行政院人事行政總處公務人力發展學院提供",587
管理類,管理機能,人資管理,"工程倫理概述與案例解析""－""法務部廉政署提供",767
管理類,管理機能,人資管理,全球化趨勢中勞動者人權保障,0
管理類,管理機能,人資管理,如何建立職能模型,255
管理類,管理機能,人資管理,"你的部屬不好做？ – 流程改善篇""（""服務業""）""",1260
管理類,管理機能,人資管理,"你的部屬不願做？ – 工作激勵篇""（""服務業""）""",1146
管理類,管理機能,人資管理,"情緒管理與壓力調適""－""行政院人事行政總處公務人力發展學院提供",822
管理類,管理機能,人資管理,"發展他人提升自我的教練智慧""－""高雄市政府公務人力發展中心提供",251
管理類,管理機能,人資管理,"策略性人力資源管理與實務""－""行政院人事行政總處公務人力發展學院提供",1032
管理類,管理機能,人資管理,超關鍵職場品格力＿基礎篇,1
管理類,管理機能,人資管理,超關鍵職場品格力＿進階篇,1
管理類,管理機能,人資管理,"電機機械產業""─""人才職能分析與招募作業",248
管理類,管理機能,人資管理,"彈性運用契約人力打造高效能組織""－""行政院人事行政總處公務人力發展中心提供",693
管理類,管理機能,人資管理,"職場好教練""－""部屬培育與輔導""－""行政院人事行政總處公務人力發展學院提供",2203
管理類,管理機能,危機管理,"""[""環境教育""]""災害事故危機處理",4064
管理類,管理機能,危機管理,"""[""環境教育""]""災害情資網暨災害應變決策輔助系統簡介",4128
管理類,管理機能,危機管理,"""[""環境教育""]""防火安全三部曲""－""高雄市政府公務人力發展中心提供",5487
管理類,管理機能,危機管理,"""[""環境教育""]""重大災害風險分析及防災對策",11902
管理類,管理機能,危機管理,"丘昌泰""－""政府風險管理""－""教材獲AA認證",1072
管理類,管理機能,危機管理,"如何和媒體建立良好關係""─""『媒體互動要領及新聞危機處理』""－""行政院人事行政總處公務人力發展學院提供",3768
管理類,管理機能,危機管理,"老人機構緊急災害應變計畫與緊急災害作業程序計畫擬定及災害預防與應變風險""－""臺北市政府社會局提供",2368
管理類,管理機能,危機管理,"風險管理理論與案例解析""－""行政院人事行政總處公務人力發展學院提供",4695
管理類,管理機能,危機管理,"風險管理理論與實務解析""－""地方行政研習中心提供",0
管理類,管理機能,危機管理,逆轉勝！危機化解關鍵術_基礎篇,47
管理類,管理機能,危機管理,逆轉勝！危機化解關鍵術_進階篇,32
管理類,管理機能,危機管理,"問題，就這樣解決 – 問題解決篇""（""服務業""）""",29
管理類,管理機能,危機管理,問題分析與解決指南,2921
管理類,管理機能,危機管理,問題分析與對策_進階篇,39
管理類,管理機能,危機管理,萬無一失的風險管理_基礎篇,35
管理類,管理機能,危機管理,萬無一失的風險管理_進階篇,29
管理類,管理機能,危機管理,"管理，從這裡開始 – 關鍵理念篇""（""服務業""）""",41
管理類,管理機能,危機管理,"趙少康""─""政策溝通與危機管理",1087
管理類,管理機能,危機管理,"衝突的預防與管理""－""行政院人事行政總處公務人力發展學院提供",1178
管理類,管理機能,危機管理,"衝突管理""（""部分模擬課程""）""""－""行政院人事行政總處公務人力發展學院提供",3024
管理類,管理機能,行銷管理,"公關策略與技巧概論""－""行政院人事行政總處公務人力發展學院提供",1109
管理類,管理機能,行銷管理,"文化創意產業""─""體驗行銷""－""行政院人事行政總處公務人力發展學院提供",386
管理類,管理機能,行銷管理,"地方產業發展新契機""－""行政院人事行政總處公務人力發展學院提供",358
管理類,管理機能,行銷管理,"如何讓消費者有感""－""中小企業網路大學校提供",1935
管理類,管理機能,行銷管理,"行動潮流，滑出企業新生機""（""上""）""""－""中小企業網路大學校提供",453
管理類,管理機能,行銷管理,"行動潮流，滑出企業新生機""（""下""）""""－""中小企業網路大學校提供",515
管理類,管理機能,行銷管理,行銷達人宅急變,49
管理類,管理機能,行銷管理,"我們比我聰明""－""網路時代的新媒體素養""－""高雄市政府公務人力發展中心提供",221
管理類,管理機能,行銷管理,"物聯網及創新場域""－""中小企業網路大學校提供",1582
管理類,管理機能,行銷管理,玩出你的網路行銷策略,595
管理類,管理機能,行銷管理,"社群當道之數位行銷趨勢與應用暨群聚成功案例分享""－""中小企業網路大學校提供",964
管理類,管理機能,行銷管理,"社群經營力""－""高雄市政府公務人力發展中心提供",196
管理類,管理機能,行銷管理,品牌，就是要你給我記住!,52
管理類,管理機能,行銷管理,活動設計與管理,288
管理類,管理機能,行銷管理,"產業創新計畫""－""行政院人事行政總處公務人力發展中心提供",44084
管理類,管理機能,行銷管理,"許安琪""－""城市整合行銷",190
管理類,管理機能,行銷管理,"善用google數據分析市場情報""－""中小企業網路大學校提供",1064
管理類,管理機能,行銷管理,媒體互動技巧,585
管理類,管理機能,行銷管理,"跨境進軍 網紅帶路""－""中小企業網路大學校提供",588
管理類,管理機能,行銷管理,"誰的文創滿街跑！是你的？是我的？談地方型文創的跨境電商行銷新思維""－""中小企業網路大學校提供",1222
管理類,管理機能,行銷管理,"駕馭新媒體""（""1""）""""－""中小企業網路大學校提供",589
管理類,管理機能,行銷管理,"駕馭新媒體""（""2""）""""－""中小企業網路大學校提供",579
管理類,管理機能,行銷管理,"駕馭新媒體""（""3""）""""－""中小企業網路大學校提供",670
管理類,管理機能,行銷管理,"顧客服務力""－""臺北市職能發展學院提供",818
管理類,管理機能,行銷管理,"顧客關係管理""－""行政院人事行政總處公務人力發展學院提供",1086
管理類,管理機能,行銷管理,"觀光行銷""－""行政院人事行政總處公務人力發展學院提供",257
管理類,管理機能,知識管理,"知識管理概論""－""行政院人事行政總處公務人力發展學院提供",784
管理類,管理機能,知識管理,"指導與經驗傳承""－""行政院人事行政總處公務人力發展學院提供",637
管理類,管理機能,知識管理,"突破僵局""－""創造雙贏談判術",552
管理類,管理機能,知識管理,"情境教案""─""劉科長的一天",454
管理類,管理機能,知識管理,統計概論與應用分析,496
管理類,管理機能,知識管理,"認識資料開放""（""open data""）""",1097
管理類,管理機能,知識管理,數位學習發展趨勢與教材設計,681
管理類,管理機能,品質管理,102年度臺北市政府服務品質獎觀摩會,561
管理類,管理機能,品質管理,"工作回饋概論""－""行政院人事行政總處公務人力發展學院提供",1470
管理類,管理機能,品質管理,物料管理溫故訓練,504
管理類,管理機能,品質管理,"效益式目標設定""－""踏入學堂之前",1
管理類,管理機能,品質管理,"效益式目標設定""－""踏出學堂之後",1
管理類,管理機能,品質管理,"第一線員工應對技巧與衝突管理""－""中華郵政股份有限公司提供",1
管理類,管理機能,品質管理,"詹昭雄""、""江瑞清""─""談品質經營管理""─""教材獲AA認證",1090
管理類,管理機能,品質管理,"標準化作業程序""－""中華郵政股份有限公司提供",320
管理類,管理機能,品質管理,"鍾惠玲""－""服務心價值""－""公部門精緻化服務""－""教材獲AA認證",3979
管理類,管理機能,財務管理,"60分鐘學會成本削減""－""經濟部中小企業處提供",0
管理類,管理機能,財務管理,"打通融資決策的任督二脈""－""經濟部中小企業處提供",0
管理類,管理機能,財務管理,"企業節稅時間""－""經濟部中小企業處提供",0
管理類,管理機能,財務管理,"投資致富超easy""－""經濟部中小企業處提供",0
管理類,管理機能,財務管理,"信用狀交易面面觀""－""經濟部中小企業處提供",0
管理類,管理機能,財務管理,"要你成為節稅達人""－""經濟部中小企業處提供",0
管理類,管理機能,財務管理,"帶您正確瞭解公司帳務""－""經濟部中小企業處提供",0
管理類,管理機能,財務管理,"彭國誠""－""經營管理""－""從財務分析角度探討殯葬服務業經營現況",533
管理類,管理機能,財務管理,"稅捐稽徵法實務""－""財政部臺北國稅局提供",479
管理類,管理機能,財務管理,"資金與費用管理的五堂必修課""－""經濟部中小企業處提供",0
管理類,管理機能,財務管理,"聽財報說故事""－""經濟部中小企業處提供",0
管理類,管理機能,專案管理,QC七大手法,505
管理類,管理機能,專案管理,用PDCA做管理,764
管理類,管理機能,專案管理,成人學習篇,474
管理類,管理機能,專案管理,自我認知篇,405
管理類,管理機能,專案管理,完美化解顧客抱怨_基礎篇,1701
管理類,管理機能,專案管理,完美化解顧客抱怨_進階篇,1117
管理類,管理機能,專案管理,投影片設計篇,969
管理類,管理機能,專案管理,表達技法篇,1311
管理類,管理機能,專案管理,"邱天嵩""─""認識專案管理""─""教材獲AA認證",2428
管理類,管理機能,專案管理,"突破困境""－""""－""激發團隊的戰鬥力與執行力",1
管理類,管理機能,專案管理,問題分析與專案規劃,1105
管理類,管理機能,專案管理,問題處理篇 ,927
管理類,管理機能,專案管理,專案，這樣管理就對了,45
管理類,管理機能,專案管理,教學技法篇,479
管理類,管理機能,專案管理,教學輔助篇,411
管理類,管理機能,專案管理,結尾技法篇,374
管理類,管理機能,專案管理,開場技法篇,492
管理類,管理機能,專案管理,當責,1420
管理類,管理機能,專案管理,當責式管理必勝術_基礎篇,599
管理類,管理機能,專案管理,當責式管理必勝術_進階篇,558
管理類,管理機能,專案管理,跨域協調非難事,699
管理類,管理機能,專案管理,"跨域溝通與協調""－""行政院人事行政總處公務人力發展中心提供",3318
管理類,管理機能,專案管理,課程設計篇,458
管理類,管理機能,專案管理,辦公室防呆時間管理,920
管理類,管理機能,專案管理,績效考核實戰錄_基礎篇,1381
管理類,管理機能,專案管理,績效考核實戰錄_進階篇,1259
管理類,管理機能,創新管理,"企劃力與創意訓練""－""行政院人事行政總處公務人力發展學院提供",728
管理類,管理機能,創新管理,創意思考與服務品質,880
管理類,管理機能,創新管理,創意思考與創新,2019
管理類,管理機能,創新管理,創新思維激發術_基礎篇,883
管理類,管理機能,創新管理,創新思維激發術_進階篇,881
管理類,管理機能,創新管理,"創新能力""－""行政院人事行政總處公務人力發展學院提供",551
管理類,管理機能,創新管理,"創新價值與高質化服務""－""行政院人事行政總處公務人力發展學院提供",1170
管理類,管理機能,創新管理,"臺北市青年創業融資貸款""「""創業育成系列""」""套裝課程",444
語言類,生活實用,基礎手語,手語課程,396
語言類,生活實用,基礎手語,"手語翻譯數位課程 ?常用會話""－""行政院人事行政總處公務人力發展學院提供",643
語言類,生活實用,基礎手語,"李振輝""－""消防手語研習",465
語言類,生活實用,基礎日語,"中級日語會話""（""N3""）""""（""七""）""",1051
語言類,生活實用,基礎日語,"中級日語會話""（""N3""）""""（""九""）""",1104
語言類,生活實用,基礎日語,"中級日語會話""（""N3""）""""（""二""）""",843
語言類,生活實用,基礎日語,"中級日語會話""（""N3""）""""（""八""）""",1078
語言類,生活實用,基礎日語,"中級日語會話""（""N3""）""""（""十""）""",1140
語言類,生活實用,基礎日語,"中級日語會話""（""N3""）""""（""十一""）""",1188
語言類,生活實用,基礎日語,"中級日語會話""（""N3""）""""（""十二""）""",1293
語言類,生活實用,基礎日語,"中級日語會話""（""N3""）""""（""三""）""",838
語言類,生活實用,基礎日語,"中級日語會話""（""N3""）""""（""五""）""",844
語言類,生活實用,基礎日語,"中級日語會話""（""N3""）""""（""六""）""",870
語言類,生活實用,基礎日語,"中級日語會話""（""N3""）""""（""四""）""",841
語言類,生活實用,基礎日語,"中級日語會話N3""（""一""）""",917
語言類,生活實用,基礎日語,"日語五十音""（""一""）""平假名",1130
語言類,生活實用,基礎日語,"日語五十音""（""二""）""片假名",1230
語言類,生活實用,基礎日語,"日語基礎會話教室""（""N5""）"" ""（""一""）""",1202
語言類,生活實用,基礎日語,"日語基礎會話教室""（""N5""）"" ""（""七""）""",884
語言類,生活實用,基礎日語,"日語基礎會話教室""（""N5""）"" ""（""九""）""",898
語言類,生活實用,基礎日語,"日語基礎會話教室""（""N5""）"" ""（""二""）""",965
語言類,生活實用,基礎日語,"日語基礎會話教室""（""N5""）"" ""（""八""）""",890
語言類,生活實用,基礎日語,"日語基礎會話教室""（""N5""）"" ""（""十""）""",926
語言類,生活實用,基礎日語,"日語基礎會話教室""（""N5""）"" ""（""十一""）""",917
語言類,生活實用,基礎日語,"日語基礎會話教室""（""N5""）"" ""（""十二""）""",1008
語言類,生活實用,基礎日語,"日語基礎會話教室""（""N5""）"" ""（""三""）""",934
語言類,生活實用,基礎日語,"日語基礎會話教室""（""N5""）"" ""（""五""）""",932
語言類,生活實用,基礎日語,"日語基礎會話教室""（""N5""）"" ""（""六""）""",822
語言類,生活實用,基礎日語,"日語基礎會話教室""（""N5""）"" ""（""四""）""",929
語言類,生活實用,基礎日語,"初級日語會話""（""N4""）""""（""七""）""",677
語言類,生活實用,基礎日語,"初級日語會話""（""N4""）""""（""九""）""",658
語言類,生活實用,基礎日語,"初級日語會話""（""N4""）""""（""二""）""",1109
語言類,生活實用,基礎日語,"初級日語會話""（""N4""）""""（""八""）""",671
語言類,生活實用,基礎日語,"初級日語會話""（""N4""）""""（""十""）""",678
語言類,生活實用,基礎日語,"初級日語會話""（""N4""）""""（""三""）""",1102
語言類,生活實用,基礎日語,"初級日語會話""（""N4""）""""（""五""）""",1198
語言類,生活實用,基礎日語,"初級日語會話""（""N4""）""""（""六""）""",687
語言類,生活實用,基礎日語,"初級日語會話""（""N4""）""""（""四""）""",1127
語言類,生活實用,基礎日語,"初級日語會話N4""（""一""）""",1181
語言類,生活實用,基礎日語,"邱麗娟""－""基礎日語好好學",3293
語言類,生活實用,基礎台語,"基礎台語好好學""（""一""）""",1940
語言類,生活實用,基礎台語,"基礎台語好好學""（""二""）""",6322
語言類,生活實用,基礎客語,"山歌浪想""－""臺北市政府客家事務委員會提供",2032
語言類,生活實用,基礎客語,"生趣介人公仔書第一冊""「""恁會早""」""四縣版""－""臺北市政府客家事務委員會提供",843
語言類,生活實用,基礎客語,"生趣介人公仔書第一冊""「""恁會早""」""海陸版""－""臺北市政府客家事務委員會提供",740
語言類,生活實用,基礎客語,"生趣介人公仔書第二冊""「""屋下人""」""四縣版""－""臺北市政府客家事務委員會提供",774
語言類,生活實用,基礎客語,"生趣介人公仔書第二冊""「""屋下人""」""海陸版""－""臺北市政府客家事務委員會提供",1014
語言類,生活實用,基礎客語,"生趣介人公仔書第三冊""「""承蒙你""」""四縣版""－""臺北市政府客家事務委員會提供",1109
語言類,生活實用,基礎客語,"生趣介人公仔書第三冊""「""承蒙你""」""海陸版""－""臺北市政府客家事務委員會提供",1395
語言類,生活實用,基礎客語,"快樂遊臺北""－""輕鬆講客語""－""臺北市客家事務委員會提供",3707
語言類,生活實用,基礎客語,客家語公務篇,93
語言類,生活實用,基礎客語,"客語認證有妙方""－""初級篇",103
語言類,生活實用,基礎客語,精彩客家語文,710
語言類,生活實用,基礎英語,For you，for me，Formosa. 美語發音超簡單,4322
語言類,生活實用,基礎英語,公務英語書信寫作導論,537
語言類,生活實用,基礎英語,"多媒體溝通英語""－""行政院人事行政總處公務人力發展學院提供",564
語言類,生活實用,基礎英語,英文快速記憶,1069
語言類,生活實用,基礎英語,英語文法輕鬆學,966
語言類,生活實用,基礎英語,"英語會話課程""─""Balancing Your Life""（""TOEIC 750分以上""）""",499
語言類,生活實用,基礎英語,"英語會話課程""─""Balancing Your Life""（""TOEIC 750分以上""）""""（""105年版""）""",786
語言類,生活實用,基礎英語,"英語會話課程""─""Buying a Home""（""TOEIC 750分以上""）""",1568
語言類,生活實用,基礎英語,"英語會話課程""─""Citizens and Community""（""TOEIC 750分以上""）""",587
語言類,生活實用,基礎英語,"英語會話課程""─""Civic Responsibility""（""TOEIC 750分以上""）""",1619
語言類,生活實用,基礎英語,"英語會話課程""─""Community""（""TOEIC 750分以上""）""",852
語言類,生活實用,基礎英語,"英語會話課程""─""Consumer Smarts""（""TOEIC 750分以上""）""",476
語言類,生活實用,基礎英語,"英語會話課程""─""Everyday Life""（""TOEIC 500分以上""）""",2763
語言類,生活實用,基礎英語,"英語會話課程""─""Food and Nutrition""（""TOEIC 500分以上""）""",557
語言類,生活實用,基礎英語,"英語會話課程""─""Getting Hired""（""TOEIC 750分以上""）""",491
語言類,生活實用,基礎英語,"英語會話課程""─""Getting Hired""（""TOEIC 750分以上""）""""（""105年版""）""",1359
語言類,生活實用,基礎英語,"英語會話課程""─""Getting to Know You""（""TOEIC 750分以上""）""",621
語言類,生活實用,基礎英語,"英語會話課程""─""Goals and Lifelong Learning""（""TOEIC 500分以上""）""",527
語言類,生活實用,基礎英語,"英語會話課程""─""Health""（""TOEIC 500分以上""）""",536
語言類,生活實用,基礎英語,"英語會話課程""─""Health""（""TOEIC 750分以上""）""",529
語言類,生活實用,基礎英語,"英語會話課程""─""Health""（""TOEIC 750分以上""）""""（""105年版""）""",1261
語言類,生活實用,基礎英語,"英語會話課程""─""Housing""（""TOEIC 500分以上""）""",531
語言類,生活實用,基礎英語,"英語會話課程""─""Housing""（""TOEIC 750分以上""）""",552
語言類,生活實用,基礎英語,"英語會話課程""─""Let’s Go Shopping""（""TOEIC 500分以上""）""",582
語言類,生活實用,基礎英語,"英語會話課程""─""On the Job""（""TOEIC 750分以上""）""",587
語言類,生活實用,基礎英語,"英語會話課程""─""On the Job""（""TOEIC 750分以上""）""""（""105年版""）""",1495
語言類,生活實用,基礎英語,"英語會話課程""─""Our Community""（""TOEIC 500分以上""）""",568
語言類,生活實用,基礎英語,"英語會話課程""─""Our Community""（""TOEIC 750分以上""）""",566
語言類,生活實用,基礎英語,"英語會話課程""─""Personal Finance""（""TOEIC 750分以上""）""",1472
語言類,生活實用,基礎英語,"英語會話課程""─""Welcome to Our Class""（""TOEIC 500分以上""）""",2528
語言類,生活實用,基礎英語,"英語會話課程""─""Work Work Work""（""TOEIC 500分以上""）""",618
語言類,生活實用,基礎英語,"英語會話課程""─""接待人員必備""－""""－""指引方向",1446
語言類,生活實用,基礎英語,"旅遊情境英語""－""行政院人事行政總處公務人力發展學院提供",794
語言類,生活實用,基礎英語,基礎英語好好學,1
語言類,生活實用,基礎英語,"探索美語""（""一""）""""－""行政院人事行政總處公務人力發展學院提供",578
語言類,生活實用,基礎英語,"探索美語""（""二""）""""－""行政院人事行政總處公務人力發展學院提供",585
語言類,生活實用,基礎英語,運動英語,1325
語言類,生活實用,基礎英語,運動英語Ⅱ,389
語言類,生活實用,基礎英語,與ICRT總經理Tim Berge用英文遊台灣,1255
語言類,生活實用,基礎英語,"劉雪珍""－""英語線上學習逍遙遊",404
語言類,生活實用,基礎英語,"職場生活英語""─""A Listening Ear""（""TOEIC 550分""、""全民英檢中級以上""）""",471
語言類,生活實用,基礎英語,"闕壯宏""－""如何增進英文?寫能?",580
語言類,生活實用,基礎英語,"魏彩密""－""出入境英語""－""走，坐飛機",747
語言類,生活實用,基礎英語,"觀光英語EZ Go！""－""地方行政研習中心提供",1
語言類,生活實用,基礎韓語,旅遊韓語I,1007
語言類,生活實用,基礎韓語,旅遊韓語II,859
語言類,生活實用,基礎韓語,基礎韓語好好學,981
語言類,生活實用,基礎韓語,聽歌曲學韓語,741
語言類,生活實用,學習經驗,"""「""越說越好""」""越南語教學第一課""－""中華電視股份有限公司提供",48
語言類,生活實用,學習經驗,"""「""越說越好""」""越南語教學第二課""－""中華電視股份有限公司提供",32
語言類,生活實用,學習經驗,"""「""越說越好""」""越南語教學第三課""－""中華電視股份有限公司提供",29
語言類,生活實用,學習經驗,"""「""越說越好""」""越南語教學第五課""－""中華電視股份有限公司提供",29
語言類,生活實用,學習經驗,"""「""越說越好""」""越南語教學第六課""－""中華電視股份有限公司提供",38
語言類,生活實用,學習經驗,"""「""越說越好""」""越南語教學第四課""－""中華電視股份有限公司提供",26
語言類,生活實用,學習經驗,"陸以正""－""英語學習經驗",1120
語言類,認證檢定,日語檢定,"日語檢定考衝刺N3""（""第一週""）""",2244
語言類,認證檢定,日語檢定,"日語檢定考衝刺N3""（""第二週""）""",2193
語言類,認證檢定,日語檢定,"日語檢定考衝刺N3""（""第三週""）""",2479
語言類,認證檢定,日語檢定,"日語檢定考衝刺N4""（""第一週""）""",1232
語言類,認證檢定,日語檢定,"日語檢定考衝刺N4""（""第二週""）""",1118
語言類,認證檢定,日語檢定,"日語檢定考衝刺N5""（""第一週""）""",2480
語言類,認證檢定,英語檢定,"初級全民英檢模擬線上試題""－""行政院人事行政總處公務人力發展學院提供",628
語言類,認證檢定,英語檢定,"新版 TOEIC 多益全真模擬測驗 ""（""含解析""）"" 第10回",79
語言類,認證檢定,英語檢定,"新版 TOEIC 多益全真模擬測驗 ""（""含解析""）"" 第1回",74
語言類,認證檢定,英語檢定,"新版 TOEIC 多益全真模擬測驗 ""（""含解析""）"" 第2回",52
語言類,認證檢定,英語檢定,"新版 TOEIC 多益全真模擬測驗 ""（""含解析""）"" 第3回",43
語言類,認證檢定,英語檢定,"新版 TOEIC 多益全真模擬測驗 ""（""含解析""）"" 第4回",41
語言類,認證檢定,英語檢定,"新版 TOEIC 多益全真模擬測驗 ""（""含解析""）"" 第5回",44
語言類,認證檢定,英語檢定,"新版 TOEIC 多益全真模擬測驗 ""（""含解析""）"" 第6回",46
語言類,認證檢定,英語檢定,"新版 TOEIC 多益全真模擬測驗 ""（""含解析""）"" 第7回",48
語言類,認證檢定,英語檢定,"新版 TOEIC 多益全真模擬測驗 ""（""含解析""）"" 第8回",50
語言類,認證檢定,英語檢定,"新版 TOEIC 多益全真模擬測驗 ""（""含解析""）"" 第9回",52
語言類,職場應用,職場生活英語,1.?How to Be the CEO of Your Life做自己生命的執行長 ,615
語言類,職場應用,職場生活英語,10.?Avoid the Worry Trap at Work避免工作中的擔憂困境,950
語言類,職場應用,職場生活英語,11.?Decision Fatigue決定疲乏,970
語言類,職場應用,職場生活英語,"12.?Hunting for Cool""「""酷""」""點子的誕生",1110
語言類,職場應用,職場生活英語,13.?How Not to Get Hired不被錄取要訣,1116
語言類,職場應用,職場生活英語,"14.?A New View of Leaders破除""「""領袖""」""的五種迷思",1316
語言類,職場應用,職場生活英語,"15.?What is Self""－""Tracking All About""「""量化自我""」""讓你更有效率",1549
語言類,職場應用,職場生活英語,16. Five Ways to Do More in Less Time五大撇步助你提升辦事效率,2303
語言類,職場應用,職場生活英語,"2.?Your Digital Footprint凡走過，必留下""「""數位""」""足跡",558
語言類,職場應用,職場生活英語,3.?Internet Addiction你對網路上癮了嗎？,552
語言類,職場應用,職場生活英語,4.?The Big Mac Index大麥克漢堡裡的密碼,526
語言類,職場應用,職場生活英語,5.?Business Executives商業主管,507
語言類,職場應用,職場生活英語,6. The Business of Brands品牌的商機,554
語言類,職場應用,職場生活英語,7.?Spies in Our Midst間諜就在你身邊,845
語言類,職場應用,職場生活英語,8. Top 10 Biggest Interview Mistakes面試的十大禁忌,897
語言類,職場應用,職場生活英語,9.?Surviving Innovation創新求生存,925
語言類,職場應用,職場生活英語,"English Presentation for Civil Servants""－""行政院人事行政總處公務人力發展學院提供",237
語言類,職場應用,職場生活英語,"Giving a Presentation and Holding Meetings in English""（""I""）""""－""行政院人事行政總處公務人力發展學院提供",792
語言類,職場應用,職場生活英語,"Giving a Presentation and Holding Meetings in English""（""II""）""""－""行政院人事行政總處公務人力發展學院提供",571
語言類,職場應用,職場生活英語,"Receiving International Guests""（""I""）""""－""行政院人事行政總處公務人力發展學院提供",641
語言類,職場應用,職場生活英語,"Receiving International Guests""（""II""）""""－""行政院人事行政總處公務人力發展學院提供",538
語言類,職場應用,職場生活英語,外賓接待與國際禮儀英語I,428
語言類,職場應用,職場生活英語,外賓接待與國際禮儀英語II,297
語言類,職場應用,職場生活英語,商業英文書信輕鬆寫,1
語言類,職場應用,職場生活英語,"職場生活英語""─""A Leader’s Character""（""TOEIC 750分""、""全民英檢中高級以上""）""",170
語言類,職場應用,職場生活英語,"職場生活英語""─""Beating Stress""（""TOEIC 550分""、""全民英檢中級以上""）""",173
語言類,職場應用,職場生活英語,"職場生活英語""─""Body Language""（""TOEIC 550分""、""全民英檢中級以上""）""",170
語言類,職場應用,職場生活英語,"職場生活英語""─""Co""－""workers and Friends""（""TOEIC 350分""、""全民英檢初級以上""）""",182
語言類,職場應用,職場生活英語,"職場生活英語""─""Handling Complaints""（""TOEIC 350分""、""全民英檢初級以上""）""",178
語言類,職場應用,職場生活英語,"職場生活英語""─""How to Deal with Difficult People""（""TOEIC 550分""、""全民英檢中級以上""）""",188
語言類,職場應用,職場生活英語,"職場生活英語""─""How to Live More Simply""（""TOEIC 550分""、""全民英檢中級以上""）""",209
語言類,職場應用,職場生活英語,"職場生活英語""─""Introducing Introductions""（""TOEIC 350分""、""全民英檢初級以上""）""",198
語言類,職場應用,職場生活英語,"職場生活英語""─""Leading a meeting""（""TOEIC 350分""、""全民英檢初級以上""）""",186
語言類,職場應用,職場生活英語,"職場生活英語""─""Mastering the Interview""（""TOEIC 550分""、""全民英檢中級以上""）""",172
語言類,職場應用,職場生活英語,"職場生活英語""─""Saying ""「""Thank You""」""""（""TOEIC 550分""、""全民英檢中級以上""）""",187
語言類,職場應用,職場生活英語,"職場生活英語""─""Speaking in Formal Situations""（""TOEIC 350分""、""全民英檢初級以上""）""",175
語言類,職場應用,職場生活英語,"職場生活英語""─""Success in Creative Thinking""（""TOEIC 550分""、""全民英檢中級以上""）""",162
語言類,職場應用,職場生活英語,"職場生活英語""─""Success in Decision Making""（""TOEIC 550分""、""全民英檢中級以上""）""",165
語言類,職場應用,職場生活英語,"職場生活英語""─""Success in Learning English""（""TOEIC 350分""、""全民英檢初級以上""）""",232
語言類,職場應用,職場生活英語,"職場生活英語""─""Success in Making a Good First Impression""（""TOEIC 550分""、""全民英檢中級以上""）""",173
語言類,職場應用,職場生活英語,"職場生活英語""─""Success in Public Speaking""（""TOEIC 350分""、""全民英檢初級以上""）""",177
語言類,職場應用,職場生活英語,"職場生活英語""─""Table Talk""（""TOEIC 350分""、""全民英檢初級以上""）""",180
語言類,職場應用,職場生活英語,"職場生活英語""─""Telephone Talk""（""TOEIC 350分""、""全民英檢初級以上""）""",195
語言類,職場應用,職場生活英語,"職場生活英語""─""The Art of Conversation""（""TOEIC 550分""、""全民英檢中級以上""）""",172
語言類,職場應用,職場生活英語,"職場生活英語""─""The Danger of Indecision""（""TOEIC 550分""、""全民英檢中級以上""）""",168
語言類,職場應用,職場生活英語,"職場生活英語""─""The Power of Words""（""TOEIC 550分""、""全民英檢中級以上""）""",201
語言類,職場應用,職場生活英語,"職場生活英語""─""The Purpose""－""Driven Life""（""TOEIC 550分""、""全民英檢中級以上""）""",169
語言類,職場應用,職場生活英語,"職場生活英語""─""Using Politically Correct English""（""TOEIC 550分""、""全民英檢中級以上""）""",193
語言類,職場應用,職場生活英語,"職場生活英語""─""Wanted""：""Workers With Foreign Language Skills""（""TOEIC 750分""、""全民英檢中高級以上""）""",171
語言類,職場應用,職場生活英語,"職場生活英語""─""Workplace Survival Skills""（""TOEIC 750分""、""全民英檢中高級以上""）""",208
語言類,職場應用,職場生活英語,"職場生活英語""─""You Can Rest and Relax""（""TOEIC 550分""、""全民英檢中級以上""）""",180
語言類,職場應用,職場生活英語,"職場秘笈""─""簡報""、""社交溝通及英文筆記讓你輕鬆出人頭地",675
職訓類,修護課程,汽機車修復," 國際技能競賽""（""WorldSkills""）""""－""臺北市職能發展學院提供",387
職訓類,修護課程,汽機車修復,"自行車變速器調校""－""臺北市職能發展學院提供",427
職訓類,修護課程,汽機車修復,"更換機車外胎""－""臺北市職能發展學院提供",221
職訓類,修護課程,汽機車修復,"車主行車前車輛基本檢查""－""臺北市職能發展學院提供",783
職訓類,修護課程,汽機車修復,"輪胎檢查及調位""－""臺北市職能發展學院提供",444
職訓類,修護課程,汽機車修復,"機車行駛前安全檢查""－""臺北市職能發展學院提供",274
職訓類,修護課程,汽機車修復,"機車起動馬達檢修""－""臺北市職能發展學院提供",447
職訓類,修護課程,汽機車修復,"機車基本保養""－""機油更換作業""－""臺北市職能發展學院提供",515
職訓類,修護課程,汽機車修復,"檢查更換汽車之前來令片""－""臺北市職能發展學院提供",728
職訓類,修護課程,汽機車修復,"檢測燃油壓力""－""臺北市職能發展學院提供",368
職訓類,修護課程,汽機車修復,"點銲鑽除""－""臺北市職能發展學院提供",347
職訓類,修護課程,特瓦裝修," 水電簡易維修""－""臺北市職能發展學院提供",601
職訓類,修護課程,特瓦裝修,"分離式冷氣安裝""－""臺北市職能發展學院提供",496
職訓類,修護課程,特瓦裝修,"瓦斯器具使用安全檢查""－""臺北市職能發展學院提供",353
職訓類,修護課程,特瓦裝修,"屋內配線操作""－""臺北市職能發展學院提供",525
職訓類,修護課程,特瓦裝修,"家用窗型冷氣機檢修及保養""－""臺北市職能發展學院提供",474
職訓類,修護課程,特瓦裝修,"家庭水管簡易安裝""－""臺北市職能發展學院提供",750
職訓類,修護課程,特瓦裝修,"特定瓦斯器具裝修""－""臺北市職能發展學院提供",404
職訓類,修護課程,特瓦裝修,"智慧型手機拆裝技巧""－""臺北市職能發展學院提供",487
職訓類,修護課程,特瓦裝修,電器修復,545
職訓類,修護課程,特瓦裝修,"簡易手機故障排除""－""臺北市職能發展學院提供",497
職訓類,家政美容,手作縫紉,"一條線車一個包""－""臺北市職能發展學院提供",1215
職訓類,家政美容,手作縫紉,"抱抱糖果枕""－""臺北市職能發展學院提供",1177
職訓類,家政美容,手作縫紉,"商品攝影箱""－""臺北市職能發展學院提供",661
職訓類,家政美容,手作縫紉,"媽媽手隔熱套""－""臺北市職能發展學院提供",1128
職訓類,家政美容,手作縫紉,"裙子製作教學""－""臺北市職能發展學院提供",794
職訓類,家政美容,手作縫紉,"蝶谷巴特_手提袋創作""－""臺北市職能發展學院提供",1207
職訓類,家政美容,手作縫紉,"蝶谷巴特_舊物改造""－""環保收納盒創作""－""臺北市職能發展學院提供",1547
職訓類,家政美容,清洗作業,"照顧服務""─""地板清洗""－""臺北市職能發展學院提供",767
職訓類,餐飲製作,中式餐飲,"小籠湯包製作""－""臺北市職能發展學院提供",571
職訓類,餐飲製作,中式餐飲,"月子餐備製2""－""臺北市職能發展學院提供",324
職訓類,餐飲製作,中式餐飲,"水煎包製作""－""臺北市職能發展學院提供",1006
職訓類,餐飲製作,中式餐飲,"咖哩鍋貼製作""－""臺北市職能發展學院提供",587
職訓類,餐飲製作,中式餐飲,"發糕製作""－""臺北市職能發展學院提供",560
職訓類,餐飲製作,中式餐飲,"樂活點心清爽有味""－""枸杞鮮肉包子""－""臺北市職能發展學院提供",512
職訓類,餐飲製作,中式餐飲,"樂活點心清爽有味""－""翡翠三鮮水餃""－""臺北市職能發展學院提供",497
職訓類,餐飲製作,中式餐飲,"樂活點心清爽有味""－""鮮蝦腸粉""－""臺北市職能發展學院提供",550
職訓類,餐飲製作,中式餐飲,"樂齡廚房的好味道""（""豆腐漢堡""、""九層塔煎雞肉""、""薑味白菜""）""""－""臺北市職能發展學院提供",599
職訓類,餐飲製作,中式餐飲,"樂齡廚房的好味道""（""紅麴豬肉""、""枸杞蛤蜊絲瓜""、""蒟蒻炒堅果""）""""－""臺北市職能發展學院提供",619
職訓類,餐飲製作,中式餐飲,"樂齡廚房的好味道""（""醬油風味蒸雞""、""薑汁凍豆腐""、""豆瓣醬淋蔬""）""""－""臺北市職能發展學院提供",566
職訓類,餐飲製作,中式餐飲,"樂齡廚房的好味道""（""醬燒秋刀魚""、""肉醬馬玲薯""、""西芹鮑菇味噌味""）""""－""臺北市職能發展學院提供",628
職訓類,餐飲製作,西式餐飲,"尼斯沙拉""－""臺北市職能發展學院提供",419
職訓類,餐飲製作,西式餐飲,"焗烤什菇通心麵""－""臺北市職能發展學院提供",471
職訓類,餐飲製作,西式餐飲,"製作雞肉三明治""－""臺北市職能發展學院提供",590
職訓類,餐飲製作,烘焙食品,"比薩的製作""－""臺北市職能發展學院提供",1159
職訓類,餐飲製作,烘焙食品,"奶酥甜麵包""、""戚風蛋糕捲製作""－""臺北市職能發展學院提供",709
職訓類,餐飲製作,烘焙食品,"巧克力慕斯""、""泡芙製作""－""臺北市職能發展學院提供",587
職訓類,餐飲製作,烘焙食品,"馬德雷製作""－""臺北市職能發展學院提供",736
職訓類,餐飲製作,烘焙食品,"菠蘿麵包""－""臺北市職能發展學院提供",893
職訓類,餐飲製作,烘焙食品,"樂活點心清爽有味""－""全麥鮮果薄餅""－""臺北市職能發展學院提供",506
職訓類,餐飲製作,烘焙食品,"樂活點心清爽有味""－""紅棗芋泥""－""臺北市職能發展學院提供",463
職訓類,餐飲製作,烘焙食品,"樂活點心清爽有味""－""桂花蓮子凍""－""臺北市職能發展學院提供",478
職訓類,餐飲製作,烘焙食品,"樂活點心清爽有味""－""蒸烤布丁""－""臺北市職能發展學院提供",631
職訓類,餐飲製作,烘焙食品,"樂活點心清爽有味""－""蘿蔔糕""－""臺北市職能發展學院提供",511
職訓類,餐飲製作,烘焙食品,"鬆餅裝飾""－""臺北市職能發展學院提供",459
職訓類,餐飲製作,飲料調製,"基礎調酒""－""臺北市職能發展學院提供",436
職訓類,餐飲製作,飲料調製,"義式咖啡基礎拉花技巧""－""臺北市職能發展學院提供",1267
