年度,序號,行政區,上課地點,上課日期,上課時間,課程名稱,人數
109,1,文山區,文山區公民會館,1090106,10:00-12:00,LINE的活用術,17
109,2,文山區,文山區公民會館,1090106,14:30-16:30,用手機拍出美照,19
109,3,文山區,文山區公民會館,1090113,10:00-12:00,一起來臉書,18
109,4,大安區,社會創新實驗中心,1090205,10:00-12:00,手機基本操作,20
109,5,大安區,社會創新實驗中心,1090205,14:30-16:30,用手機拍出美照,32
109,6,大安區,社會創新實驗中心,1090207,10:00-12:00,電子支付及雲端發票,23
109,7,大安區,社會創新實驗中心,1090207,14:30-16:30,一起來臉書,29
109,8,大安區,社會創新實驗中心,1090212,10:00-12:00,LINE 活用術,24
109,9,大安區,社會創新實驗中心,1090219,10:00-12:00,Google 生活應用,26
109,10,大安區,社會創新實驗中心,1090304,10:00-12:00,手機基本操作,11
109,11,大安區,社會創新實驗中心,1090304,14:00-16:00,用手機拍出美照,29
109,12,大安區,社會創新實驗中心,1090318,10:00-12:00,電子支付及雲端發票,28
109,13,大安區,社會創新實驗中心,1090318,14:00-16:00,電子購物好便利,26
109,14,大安區,社會創新實驗中心,1090320,10:00-12:00,一起來臉書,31
109,15,大安區,社會創新實驗中心,1090320,14:00-16:00,LINE 活用術,29
109,16,大安區,社會創新實驗中心,1090325,10:00-12:00,Google 生活應用,30
109,17,大安區,社會創新實驗中心,1090325,14:00-16:00,便利生活 PA PA GO,19
109,18,士林區,士林區公民會館,1090701,09:30-11:30,手機基本操作,13
109,19,士林區,士林區公民會館,1090703,09:30-11:30,用手機拍出美照,14
109,20,士林區,士林區公民會館,1090708,09:30-11:30,LINE 活用術,14
109,21,士林區,士林區公民會館,1090708,14:30-16:30,電子購物好便利,15
109,22,士林區,士林區公民會館,1090714,09:30-11:30,手機電子支付,19
109,23,士林區,士林區公民會館,1090714,14:30-16:30,LINE相簿全功能,16
109,24,大同區,大龍峒老人住宅,1090714,14:00-16:00,Line生活好好玩,17
109,25,士林區,士林區公民會館,1090715,09:30-11:30,一起來臉書,15
109,26,士林區,士林區公民會館,1090715,14:30-16:30,手機APP下載,14
109,27,士林區,士林區公民會館,1090721,09:30-11:30,LINE群組大解密,17
109,28,士林區,士林區公民會館,1090721,14:30-16:30,手機貼身助理啟用,16
109,29,大同區,大龍峒老人住宅,1090721,14:00-16:00,Google Map操作使用,21
109,30,士林區,士林區公民會館,1090722,09:30-11:30,臉書社團大熱門,14
109,31,士林區,士林區公民會館,1090722,14:30-16:30,手機相片整理術,18
109,32,松山區,光鹽關懷發展協會,1090724,10:00-12:00,用影像記錄生活,28
109,33,士林區,士林區公民會館,1090728,09:30-11:30,問候圖製作,18
109,34,士林區,士林區公民會館,1090728,14:30-16:30,LINE 生活應用,18
109,35,士林區,士林區公民會館,1090729,09:30-11:30,手機與藍芽的連接,16
109,36,士林區,士林區公民會館,1090729,14:30-16:30,Google生活應用,14
109,37,士林區,士林區公民會館,1090731,09:30-11:30,影片製作我最行,18
109,38,中山區,中山區公民會館,1090804,10:00-12:00,LINE 活用術,13
109,39,中山區,中山區公民會館,1090804,14:30-16:30,手機電子支付,17
109,40,大同區,大稻埕福音中心,1090805,14:00-16:00,相片製作影片-1,14
109,41,大安區,大安區義村里,1090807,14:00-16:00,拍照基本技巧+照片編輯,13
109,42,中山區,中山區公民會館,1090811,10:00-12:00,手機APP下載,12
109,43,中山區,中山區公民會館,1090811,14:30-16:30,臉書社團大熱門,12
109,44,大同區,大稻埕福音中心,1090812,14:00-16:00,相片製作影片-2,6
109,45,大安區,大安區義村里,1090814,14:00-16:00,攝影基本技巧+影片編輯,19
109,46,中山區,中山區公民會館,1090818,10:00-12:00,手機貼身助理啟用,15
109,47,中山區,中山區公民會館,1090818,14:30-16:30,手機相片整理術,17
109,48,大同區,大稻埕福音中心,1090819,14:00-16:00,相片製作影片-3,13
109,49,大安區,大安區義村里,1090821,14:00-16:00,創意美食拍攝輕鬆學,15
109,50,中山區,中山區公民會館,1090825,10:00-12:00,電子購物好便利,12
109,51,中山區,中山區公民會館,1090825,14:30-16:30,問候圖製作,14
109,52,中正區,康泰基金會,1090826,14:30-16:30,影片製作我最行,25
109,53,松山區,光鹽關懷發展協會,1090828,10:00-12:00,Google地圖帶你趴趴走,27
109,54,大安區,大安區義村里,1090828,14:00-16:00,主題設計綜合展現,11
109,55,內湖區,內湖區公民會館,1090902,14:00-16:00,用影像記錄生活（照相）,60
109,56,信義區,台北市圖書館永春分館,1090904,09:30-11:30,行動支付安全嗎,18
109,57,內湖區,內湖區公民會館,1090909,14:00-16:00,行動支付是甚麼,63
109,58,萬華區,日善里里辦公室,1090910,10:00-12:00,LINE 基礎應用,17
109,59,南港區,南港區北原會館部落大學,1090910,19:00-21:00,進階文書應用－Word,16
109,60,信義區,台北市圖書館永春分館,1090911,09:30-11:30,線上追劇好便利,15
109,61,中正區,台灣旺齡協會,1090915,14:00-16:00,政府E化APP,17
109,62,內湖區,內湖區公民會館,1090916,14:00-16:00,手機相片整理術,82
109,63,南港區,南港區北原會館部落大學,1090917,19:00-21:00,進階文書應用－Excel,14
109,64,信義區,台北市圖書館永春分館,1090918,09:30-11:30,手機美照 APP,17
109,65,中正區,板溪里辦公處,1090922,14:00-16:00,美拍問候圖製作,13
109,66,內湖區,內湖區公民會館,1090923,14:00-16:00,手機影片製作我最行,82
109,67,南港區,南港區北原會館部落大學,1090924,19:00-21:00,進階文書應用－PowerPoint,14
109,68,萬華區,萬華區小德蘭堂社造據點巷弄長照站,1090925,10:00-12:00,手機拍出美照,27
109,69,松山區,光鹽關懷發展協會,1090925,10:00-12:00,網路購物超便利,30
109,70,中正區,台灣旺齡協會,1090929,14:00-16:00,GOOGLE地圖帶你趴趴走,15
109,71,內湖區,內湖區公民會館,1090930,14:00-16:00,Telegram 通訊軟體的使用,70
109,72,北投區,硫磺谷社區發展協會,1091005,09:30-11:30,電子支付與雲端發票,30
109,73,文山區,文山區公民會館,1091007,14:30-16:30,LINE 群組大解密,12
109,74,萬華區,萬華區孝德里辦公室,1091008,14:00-15:30,美拍問候圖製作,23
109,75,南港區,南港區北原會館部落大學,1091008,19:00-21:00,Excel,15
109,76,萬華區,萬華區中正區國宅,1091012,14:00-16:00,LINE 活用術,15
109,77,文山區,文山區公民會館,1091014,14:30-16:30,影片製作我最行,17
109,78,南港區,南港區北原會館部落大學,1091015,19:00-21:00,PPT,12
109,79,士林區,士林區新天地社區,1091019,14:00-16:00,手機拍出美照,34
109,80,文山區,文山區公民會館,1091021,14:30-16:30,Google 生活應用,17
109,81,士林區,聖文生之友會社區照顧關懷據點,1091022,14:00-16:00,手機也能拍出美美照:修圖教學,17
109,82,信義區,六合區民活動中心（六合里辦公處）,1091022,14:00-16:00,美拍問候圖製作,24
109,83,南港區,南港區北原會館部落大學,1091022,19:00-21:00,PPT,11
109,84,萬華區,萬華區小德蘭堂社造據點 巷弄長照站,1091023,10:00-12:00,手機美拍與問候圖,30
109,85,萬華區,萬華區糖?里辦公室,1091023,14:00-16:00,美拍問候圖製作,27
109,86,萬華區,萬華區中正區國宅,1091026,14:00-16:00,手機拍出美照,11
109,87,北投區,硫磺谷社區發展協會,1091028,09:30-11:30,手機基礎APP使用,30
109,88,文山區,文山區公民會館,1091028,14:30-16:30,用手機拍出美照,13
109,89,士林區,聖文生之友會社區照顧關懷據點,1091029,14:00-16:00,用影像記錄生活,24
109,90,大同區,松年長春社會福利基金會（大橋教會）,1091104,10:00-12:00,手機拍出美照,31
109,91,信義區,安康里辦公處,1091104,14:00-16:00,智慧型手機基礎使用（手機）,31
109,92,南港區,南港區北原會館,1091105,19:00-21:00,智慧型手機基礎使用,17
109,93,信義區,四維里辦公處,1091106,10:00-12:00,美拍問候圖製作,25
109,94,信義區,松光里辦公處,1091110,14:00-16:00,美拍問候圖製作,37
109,95,中正區,新營里辦公處,1091112,14:00-16:00,美拍問候圖製作,24
109,96,南港區,南港區北原會館,1091112,19:00-21:00,GOOGLE 相簿,19
109,97,中正區,螢雪里辦公處（螢橋社區發展協會）,1091117,09:00-11:00,美拍問候圖製作,26
109,98,南港區,南港區北原會館,1091119,19:00-21:00,雲端發票整理術,14
109,99,萬華區,和平里辦公處,1091120,14:00-16:00,美拍問候圖製作,31
109,100,信義區,松隆區民活動中心,1091123,14:00-16:00,美拍問候圖製作,17
109,101,內湖區,內湖區公民會館,1091125,14:00-16:00,手機遊戲真好玩,49
109,102,南港區,南港區北原會館,1091126,19:00-21:00,手機行動支付,13
109,103,內湖區,內湖區公民會館,1091127,14:00-16:00,手機追劇真入迷,45
109,104,信義區,國業里民活動中心,1091208,10:00-12:00,美拍問候圖製作,27
109,105,大同區,社團法人台灣樂活服務發展協會,1091209,10:00-12:00,LINE的活用術,28
109,106,大安區,臺北市立圖書總館電腦教室,1091209,14:30-16:30,Word,13
109,107,松山區,東勢里（樂齡學堂）,1091210,14:00-16:00,美拍問候圖製作,24
109,108,信義區,松友里民活動中心（松友社區發展協會）,1091211,14:00-16:00,美拍問候圖製作,29
109,109,大同區,社團法人台灣樂活服務發展協會,1091216,10:00-12:00,一起來臉書,25
109,110,大安區,臺北市立圖書總館電腦教室,1091216,14:30-16:30,Excel,13
109,111,北投區,硫磺谷社區發展協會,1091217,09:30-11:30,影片製作我最行,29
109,112,松山區,介壽里民活動中心,1091222,14:30-16:30,美拍問候圖製作,30
109,113,大安區,臺北市立圖書總館電腦教室,1091223,14:30-16:30,PowerPoint,11
109,114,信義區,大道里民活動中心,1091230,10:00-12:00,美拍問候圖製作,20
110,115,大安區,臺北市立圖書總館電腦教室,1100106,14:30-16:30,相片美化修一修,14
110,116,中正區,財團法人臺北市松年長春社會福利基金會,1100107,14:00-16:00,影片製作我最行,30
110,117,大安區,臺北市立圖書總館電腦教室,1100113,14:30-16:30,輕鬆上手海報設計,11
110,118,萬華區,台北市艋舺服飾商圈促進會,1100114,14:30-16:30,LINE生活應用,15
110,119,大安區,臺北市立圖書總館電腦教室,1100120,14:30-16:30,新年桌曆自己做,13
110,120,萬華區,台北市艋舺服飾商圈促進會,1100121,14:30-16:30,手機拍照+影片拍攝及編輯製作,20
110,121,大安區,臺北市立圖書總館電腦教室,1100127,14:30-16:30,生活記錄影音剪輯,14
110,122,大安區,臺北市立圖書總館電腦教室,1100203,14:30-16:30,Google 地圖旅遊應用,13
110,123,大安區,臺北市立圖書總館電腦教室,1100224,14:30-16:30,YouTube 功能大補帖,12
110,124,士林區,浸信會慈光堂,1100310,10:00-12:00,美拍問候圖製作,22
110,125,文山區,臺北市南區新移民社區關懷據點,1100313,14:30-16:30,手機攝影,17
110,126,中正區,臺北市西區新移民社區關懷據點,1100319,14:00-17:00,手機拍攝剪輯創作,22
110,127,文山區,臺北市南區新移民社區關懷據點,1100325,14:30-16:30,手機攝影與照片編修,19
110,128,萬華區,萬華新移民會館電腦教室,1100326,14:00-16:00,生活記錄影音剪輯,14
110,129,內湖區,台北市聯合醫院松德院區心湖職能工作坊,1100409,10:00-12:00,假訊息識別+政府APP,30
110,130,萬華區,萬華新移民會館電腦教室,1100409,14:00-16:00,goolge 工具應用,15
110,131,松山區,松山區吉祥里民中心,1100421,10:00-16:00,美拍問候圖製作,15
110,132,信義區,信義區雅祥里民中心,1100421,14:00-16:00,美拍問候圖製作,15
110,133,松山區,光鹽關懷發展協會,1100423,10:00-12:00,假訊息查證&健康管理APP,24
110,134,北投區,台北市北投區婦女會,1100423,14:00-17:00,手機影音拍樂趣,25
111,135,文山區,"台北市文山區試院里木柵路一段59巷4號旁
 (早安綠庄活動中心)",1110915,09:30-11:30,行動追劇快樂無極限,22
111,136,大同區,"台北市大同區南芳里迪化街1段312巷7號
 (南芳里里辦公室)",1110916,09:00-12:00,老照片舊回憶愛長存,16
111,137,文山區,"台北市文山區明興里興隆路四段61號
 (明興社區巷弄長照站)",1110920,09:00-12:00,懷念老歌金曲開心聽,15
111,138,文山區,"台北市文山區萬和里汀洲路四段251號1樓
 (萬和社區關懷照顧據點)",1110920,14:00-17:00,網路識讀安全自保術,40
111,139,文山區,"台北市文山區試院里木柵路一段59巷4號旁
 (早安綠庄活動中心)",1110922,10:30-11:30,懷念老歌金曲開心聽,14
111,140,文山區,"台北市文山區順興里保儀路138巷28號2樓
 (順興里聚福中心)",1110926,13:30-16:30,樂齡手機上網輕鬆學,19
111,141,文山區,"台北市文山區明興里興隆路四段61號
 (明興社區巷弄長照站)",1110927,09:00-12:00,亮麗自拍展現我的美,15
111,142,文山區,"台北市文山區萬和里汀洲路四段251號1樓
 (萬和社區關懷照顧據點)",1110927,14:00-17:00,樂齡手機上網輕鬆學,30
111,143,文山區,"台北市文山區順興里保儀路138巷28號2樓
 (順興里聚福中心)",1110929,13:30-16:30,台北通讓生活攏會通,20
111,144,文山區,"台北市文山區樟腳里恆光街45號7樓703教室
 (樟腳里里辦公室)",1111003,09:00-12:00,網路識讀安全自保術,17
111,145,南港區,"台北市南港區九如里研究院路2段208號
 (久如社區發展協會)",1111003,13:30-16:30,亮麗自拍展現我的美,17
111,146,文山區,"台北市文山區萬和里汀洲路四段251號1樓
 (萬和社區關懷照顧據點)",1111004,14:00-16:00,台北通讓生活攏會通,35
111,147,文山區,"台北市文山區景東里景興路153巷1號
 (景東里辦公室)",1111006,14:00-16:00,樂齡手機上網輕鬆學,23
111,148,內湖區,"台北市內湖區康寧里康寧路三段99巷39弄70號
 (康寧里里辦公室)",1111007,13:30-16:30,亮麗自拍展現我的美,16
111,149,信義區,"台北市信義區安康里虎林街232巷55號
 (安康里辦公處)",1111011,10:00-12:00,行動購物支付便利通,33
111,150,文山區,"台北市文山區萬和里汀洲路四段251號1樓
 (萬和社區關懷照顧據點)",1111011,15:00-16:00,掌握銀髮照護通行證,34
111,151,士林區,"台北市士林區名山里雨聲街68號
 (幸福名山社區發展協會)",1111012,09:00-12:00,亮麗自拍展現我的美,32
111,152,士林區,"台北市士林區葫東里中正路589號
 (葫東區民活動中心)",1111012,18:30-20:30,樂齡手機上網輕鬆學,29
111,153,文山區,"台北市文山區景東里景興路153巷1號
 (景東里辦公室)",1111013,15:00-16:00,懷念老歌金曲開心聽,20
111,154,北投區,"台北市北投區文化里文化三路3號4樓
 (北投區硫磺谷社區發展協會)",1111013,15:00-17:00,美麗寶島逍遙青春遊,43
111,155,內湖區,"台北市內湖區康寧里康寧路三段99巷39弄70號
 (康寧里里辦公室)",1111014,13:30-16:30,美麗寶島逍遙青春遊,16
111,156,萬華區,"台北市萬華區華江里環河南路二段250巷42弄2號
(華江國小)",1111015,09:00-12:00,亮麗自拍展現我的美,32
111,157,中山區,"台北市中山區朱園里松江路25巷9號B1
 (朱園區民活動中心)",1111015,13:30-16:30,玩轉社群愉快交朋友,14
111,158,士林區,"台北市士林區平等里平菁街106巷18號
 (平等里里辦公處)",1111016,09:00-12:00,行動購物支付便利通,17
111,159,士林區,"台北市士林區平等里平菁街106巷18號
 (平等里里辦公處)",1111016,13:30-16:00,美麗寶島逍遙青春遊,17
111,160,士林區,"台北市士林區名山里雨聲街68號
 (芝山岩社區發展協會)",1111017,09:00-12:00,樂齡手機上網輕鬆學,29
111,161,文山區,"台北市文山區樟腳里恆光街45號7樓703教室
 (樟腳里里辦公室)",1111017,09:00-12:00,樂齡手機上網輕鬆學,16
111,162,南港區,"台北市南港區九如里研究院路2段208號
 (久如社區發展協會)",1111017,13:30-16:30,美麗寶島逍遙青春遊,19
111,163,萬華區,"台北市萬華區新忠里西藏路125巷7之3號
 (新忠里里辦公室)",1111018,09:00-12:00,網路社群直播開心聚,17
111,164,信義區,"台北市信義區安康里虎林街232巷55號
 (安康里辦公處)",1111018,11:00-12:00,樂齡手機上網輕鬆學,30
111,165,大安區,"台北市大安區住安里信義路四段30巷27弄24號
 (住安社區發展協會)",1111019,09:15-11:15,亮麗自拍展現我的美,29
111,166,士林區,"台北市士林區葫東里中正路589號
 (葫東區民活動中心)",1111019,19:30-20:30,亮麗自拍展現我的美,29
111,167,中山區,"台北市中山區大直里北安路595巷30號
 (大直里里辦公室)",1111020,09:00-12:00,亮麗自拍展現我的美,17
111,168,北投區,"台北市北投區文化里文化三路3號4樓
 (北投區硫磺谷社區發展協會)",1111020,16:00-17:00,玩轉社群愉快交朋友,34
111,169,內湖區,"台北市內湖區康寧里康寧路三段99巷39弄70號
 (康寧里里辦公室)",1111021,13:30-16:30,拍出誘人的美食風味,17
111,170,文山區,"台北市文山區景行里羅斯福路六段393號7樓
 (景行區民活動中心)",1111021,14:30-16:30,樂齡手機上網輕鬆學,22
111,171,萬華區,台北市萬華區華江里環河南路二段250巷42弄2號(華江國小),1111022,09:00-12:00,玩轉社群愉快交朋友,37
111,172,中山區,"台北市中山區朱園里松江路25巷9號B1
 (朱園區民活動中心)",1111022,13:30-16:30,老照片舊回憶愛長存,24
111,173,中山區,"台北市中山區新生里新生北路二段133巷45號一
 樓(新生里里民活動場所)",1111022,18:00-21:00,樂齡手機上網輕鬆學,18
111,174,大安區,"台北市大安區法治里通化街192號
 (關懷里民活動中心)",1111025,09:00-12:00,老照片舊回憶愛長存,25
111,175,萬華區,"台北市萬華區華江里長順街127號
 (長順區民活動中心)",1111025,13:30-16:30,樂齡手機上網輕鬆學,40
111,176,北投區,"台北市北投區福興里自強街5巷22號
(福星宮活動中心)",1111026,09:00-12:00,樂齡手機上網輕鬆學,18
111,177,士林區,"台北市士林區名山里雨聲街68號
 (幸福名山社區發展協會)",1111026,09:00-12:00,美麗寶島逍遙青春遊,36
111,178,中山區,"台北市中山區正守里林森北路67巷7號2樓
 (正守里里辦公室)",1111026,13:30-16:30,掌握銀髮照護通行證,12
111,179,中山區,"台北市中山區大直里北安路595巷30號
 (大直里里辦公室)",1111027,09:00-12:00,懷念老歌金曲開心聽,20
111,180,北投區,"台北市北投區榮光里石牌路一段166巷43弄15號
 (台北市北投區榮光社區發展協會)",1111027,14:30-16:30,老照片舊回憶愛長存,25
111,181,萬華區,"台北市萬華區雙園里興寧街70號
 (財團法人天主教聖母聖心會萬華小德蘭堂社區照顧關懷據點巷弄長照站)",1111028,09:00-12:00,亮麗自拍展現我的美,20
111,182,內湖區,"台北市內湖區康寧里康寧路三段99巷39弄70號
 (康寧里里辦公室)",1111028,13:30-16:30,智慧精準翻譯最即時,17
111,183,文山區,"台北市文山區景行里羅斯福路六段393號7樓
 (景行區民活動中心)",1111028,15:30-16:30,亮麗自拍展現我的美,17
111,184,大同區,"台北市大同區重慶里重慶北路三段347號2樓之2
(大龍區民活動場所教室)",1111029,09:00-12:00,樂齡手機上網輕鬆學,23
111,185,中山區,"台北市中山區新生里新生北路二段133巷45號一
 樓(新生里里民活動場所)",1111029,13:30-16:30,玩轉社群愉快交朋友,24
111,186,文山區,"台北市文山區樟腳里恆光街45號7樓703教室
 (樟腳里里辦公室)",1111031,09:00-12:00,掌握銀髮照護通行證,15
111,187,南港區,"台北市南港區九如里研究院路2段208號
 (久如社區發展協會)",1111031,13:30-16:30,智慧精準翻譯最即時,17
111,188,中正區,"台北市中正區螢雪里福州街59號
 (螢雪里里辦公處)",1111101,09:00-12:00,老照片舊回憶愛長存,23
111,189,大安區,"台北市大安區法治里通化街192號
 (關懷里民活動中心)",1111101,09:00-12:00,玩轉社群愉快交朋友,25
111,190,松山區,"台北市松山區東勢里南京東路四段107號12樓
 (社團法人台北市光鹽關懷發展協會)",1111101,13:00-16:00,樂齡手機上網輕鬆學,29
111,191,中正區,"台北市中正區南福里羅斯福路1段96號11樓
 (財團法人臺北市松年長春社會福利基金會)",1111101,13:00-16:00,樂齡手機上網輕鬆學,21
111,192,中山區,"台北市中山區正義里林森北路133巷78號
 (正義里里辦公處)",1111101,14:00-17:00,台北通讓生活攏會通,15
111,193,士林區,"台北市士林區名山里雨聲街68號
 (幸福名山社區發展協會)",1111102,09:00-12:00,拍出誘人的美食風味,37
111,194,北投區,"台北市北投區福興里自強街5巷22號
 (福星宮活動中心)",1111102,09:00-12:00,亮麗自拍展現我的美,21
111,195,大安區,"台北市大安區住安里信義路四段30巷27弄24號
 (住安社區發展協會)",1111102,10:15-11:15,美麗寶島逍遙青春遊,25
111,196,中山區,"台北市中山區正義里林森北路133巷78號
 (正義里里辦公處)",1111102,14:00-17:00,亮麗自拍展現我的美,18
111,197,北投區,"台北市北投區榮光里石牌路一段166巷43弄15號
 (台北市北投區榮光社區發展協會)",1111103,15:30-16:30,玩轉社群愉快交朋友,22
111,198,信義區,"台北市信義區安康里虎林街232巷55號
 (安康里辦公處)",1111104,13:30-16:30,亮麗自拍展現我的美,21
111,199,大同區,"台北市大同區重慶里重慶北路三段347號2樓之2 大龍市場2樓
 (大龍區民活動場所教室)",1111105,09:00-12:00,智慧精準翻譯最即時,17
111,200,士林區,"台北市士林區義信里基河路165號
 (台灣運動休閒產業發展協會)",1111105,14:00-17:00,樂齡手機上網輕鬆學,21
111,201,士林區,"台北市士林區名山里雨聲街68號
 (芝山岩社區發展協會)",1111107,09:00-12:00,台北通讓生活攏會通,25
111,202,南港區,"台北市南港區聯成里東新街77巷29號
 (後山埤文化發展協會)",1111107,09:00-12:00,樂齡手機上網輕鬆學,29
111,203,文山區,"台北市文山區樟腳里恆光街45號7樓703教室
 (樟腳里里辦公室)",1111107,09:00-12:00,台北通讓生活攏會通,13
111,204,萬華區,"台北市萬華區新忠里西藏路125巷7之2號
 (新忠里里辦公室)",1111107,13:30-16:30,樂齡手機上網輕鬆學,10
111,205,南港區,"台北市南港區九如里研究院路2段208號
 (久如社區發展協會)",1111107,13:30-16:30,拍出誘人的美食風味,15
111,206,大安區,"臺北市大安區龍泉里雲和街49號
 (龍泉里里辦公室)",1111107,19:00-21:00,亮麗自拍展現我的美,28
111,207,文山區,"台北市文山區明興里興隆路四段61號
 (明興里里辦公室)",1111108,09:00-12:00,掌握銀髮照護通行證,19
111,208,松山區,"台北市松山區東勢里南京東路四段107號12樓
 (社團法人台北市光鹽關懷發展協會)",1111108,13:00-16:00,美麗寶島逍遙青春遊,32
111,209,中正區,"台北市中正區南福里羅斯福路1段96號11樓
 (財團法人臺北市松年長春社會福利基金會)",1111108,13:00-16:00,亮麗自拍展現我的美,24
111,210,萬華區,"台北市萬華區華江里長順街127號
 (長順區民活動中心)",1111108,13:30-16:30,行動追劇快樂無極限,21
111,211,士林區,"台北市士林區名山里雨聲街68號
 (幸福名山社區發展協會)",1111109,09:00-12:00,智慧精準翻譯最即時,36
111,212,大安區,"台北市大安區福住里永康街47巷10-1號1樓
 (福住里里辦公室)",1111109,09:00-12:00,亮麗自拍展現我的美,21
111,213,北投區,"台北市北投區福興里自強街5巷22號
 (福興社區發展協會)",1111109,09:00-12:00,掌握銀髮照護通行證,21
111,214,北投區,"台北市北投區泉源里東昇路80號
 (頂湖活動中心)",1111109,13:00-16:00,網路識讀安全自保術,22
111,215,中山區,"台北市中山區朱園里松江路25巷9號B1
 (朱園里里辦公室)",1111110,14:00-17:00,懷念老歌金曲開心聽,21
111,216,萬華區,"台北市萬華區雙園里興寧街70號
 (財團法人天主教聖母聖心會萬華小德蘭堂社區照顧關懷據點巷弄長照站)",1111111,09:00-12:00,懷念老歌金曲開心聽,20
111,217,信義區,"台北市信義區雙和里吳興街284巷24弄12號
(雙和社區發展協會)",1111111,13:30-16:30,樂齡手機上網輕鬆學,13
111,218,內湖區,"臺北市內湖區湖興里成功路2段240-242號1樓
 (中華民國天使之家全人關懷協會)",1111111,13:30-16:30,掌握銀髮照護通行證,17
111,219,大安區,"台北市大安區建安里忠孝東路四段169號4樓之1
 (巨匠電腦東區認證)",1111112,09:30-12:30,樂齡手機上網輕鬆學,18
111,220,大安區,"台北市大安區建安里忠孝東路四段169號4樓之1
 (巨匠電腦東區認證)",1111112,13:30-16:30,行動追劇快樂無極限,18
111,221,士林區,"台北市士林區義信里基河路165號
 (台灣運動休閒產業發展協會)",1111112,14:00-17:00,台北通讓生活攏會通,12
111,222,中山區,"台北市中山區新生里新生北路二段133巷45號1樓
 (新安社區發展協會)",1111113,13:30-16:30,掌握銀髮照護通行證,27
111,223,南港區,"台北市南港區聯成里東新街77巷29號
 (後山埤文化發展協會)",1111114,09:00-12:00,亮麗自拍展現我的美,28
111,224,士林區,"台北市士林區名山里雨聲街68號
 (貓頭鷹志工隊)",1111114,09:00-12:00,掌握銀髮照護通行證,28
111,225,士林區,"台北市士林區名山里雨聲街68號
 (名山里辦公室)",1111114,13:30-16:30,樂齡手機上網輕鬆學,37
111,226,大安區,"台北市大安區民炤里信義路3段31巷5號
 (民炤里辦公室)",1111114,15:00-17:00,樂齡手機上網輕鬆學,20
111,227,大安區,"臺北市大安區龍泉里雲和街49號
 (龍泉里里辦公室)",1111114,20:00-21:00,拍出誘人的美食風味,24
111,228,北投區,"台北市北投區榮光里石牌路一段166巷43弄15號
 (台北市北投區榮光社區發展協會)",1111115,09:00-11:00,IG限動分享精采人生,22
111,229,士林區,"台北市士林區三玉里德行東路203巷2號1樓
 (芝山生活家)",1111115,09:00-12:00,樂齡手機上網輕鬆學,20
111,230,文山區,"台北市文山區明興里興隆路四段61號
 (明興里里辦公室)",1111115,09:00-12:00,網路識讀安全自保術,19
111,231,大安區,"台北市大安區法治里通化街192號
 (關懷里民活動中心)",1111115,10:00-12:00,IG限動分享精采人生,33
111,232,南港區,"臺北市南港區舊莊里舊莊街1段91巷11號
 (臺北市南港舊莊社區發展協會)",1111115,13:00-16:00,樂齡手機上網輕鬆學,20
111,233,中正區,"臺北市中正區文盛里汀州路3段101號1樓101室
 (展翔據點)",1111115,13:00-16:00,樂齡手機上網輕鬆學,19
111,234,大安區,"台北市大安區民炤里信義路3段31巷5號
 (民炤里辦公室)",1111115,16:00-17:00,掌握銀髮照護通行證,17
111,235,大安區,"台北市大安區福住里永康街47巷10-1號1樓
 (福住里里辦公室)",1111116,09:00-12:00,美麗寶島逍遙青春遊,25
111,236,士林區,"台北市士林區翠山里中社路1段43巷1號
 (財團法人台北市中華基督教浸信會慈光堂)",1111116,09:00-12:00,網路社群直播開心聚,14
111,237,中正區,"台北市中正區文盛里辛亥路一段22號4樓
 (財團法人耕莘文教基金會)",1111116,09:00-12:00,玩轉社群愉快交朋友,21
111,238,士林區,"台北市士林區名山里雨聲街68號
 (名山里辦公室)",1111116,09:00-12:00,行動追劇快樂無極限,39
111,239,北投區,"台北市北投區福興里自強街5巷22號
 (福興社區發展協會)",1111116,09:00-12:00,懷念老歌金曲開心聽,41
111,240,中正區,"台北巿中正區螢圃里牯嶺街131號
 (財團法人中華基督教廈門街浸信會)",1111116,09:30-12:30,掌握銀髮照護通行證,28
111,241,信義區,"臺北市信義區廣居里虎林街157號1樓
 (社團法人台灣厝邊有愛關懷協會(永吉教會)",1111116,13:00-16:00,樂齡手機上網輕鬆學,22
111,242,萬華區,"臺北市萬華區保德里東園街140巷10號
 (台北市萬華區保德里辦公處)",1111116,13:30-16:30,樂齡手機上網輕鬆學,19
111,243,大同區,"臺北市大同區建明里長安西路60號3樓
 (中華全齡關懷協會-長安據點)",1111116,13:30-16:30,老照片舊回憶愛長存,15
111,244,內湖區,"台北市內湖區內湖里成功路四段50號2樓
 (巨匠電腦內湖認證)",1111116,13:30-16:30,樂齡手機上網輕鬆學,27
111,245,中山區,"臺北市中山區金泰里敬業三路162巷109號1樓
 (財團法人基督教台灣信義會(大直真理堂)",1111116,13:30-16:30,樂齡手機上網輕鬆學,12
111,246,中正區,"台北市中正區黎明里館前路34號4樓
 (巨匠電腦館前認證)",1111117,09:30-12:30,掌握銀髮照護通行證,13
111,247,文山區,"台北市文山區試院里木柵路一段59巷4號旁
 (早安綠庄活動中心)",1111117,09:00-12:00,亮麗自拍展現我的美,9
111,248,中正區,"台北市中正區黎明里館前路34號4樓
 (巨匠電腦館前認證)",1111117,13:30-16:30,懷念老歌金曲開心聽,15
111,249,北投區,"台北市北投區泉源里東昇路45之5號 
 (泉源里民活動中心)",1111117,13:30-16:30,樂齡手機上網輕鬆學,12
111,250,內湖區,"台北市內湖區紫星里康寧路一段62號
 (財團法人基督教台灣信義會內湖思恩堂)",1111117,13:30-16:30,樂齡手機上網輕鬆學,21
111,251,中山區,"台北巿中山區民安里民生西路6號6號
 (中華全齡關懷協會-民生據點)",1111117,13:30-16:30,行動追劇快樂無極限,14
111,252,中山區,"台北市中山區朱園里松江路25巷9號B1
 (朱園里里辦公室)",1111117,14:00-17:00,智慧精準翻譯最即時,15
111,253,松山區,"台北市松山區東勢里南京東路四段133巷8弄17號1樓
 (樂齡學堂)",1111118,09:00-12:00,老照片舊回憶愛長存,24
111,254,南港區,"臺北市南港區舊莊里南深路21巷18號
 (復生教會社區照顧關懷據點)",1111118,09:00-12:00,樂齡手機上網輕鬆學,20
111,255,大同區,"臺北市大同區蓬萊里承德路3段60號B1
 (中華萌愛關懷協會)",1111118,09:00-12:00,亮麗自拍展現我的美,21
111,256,內湖區,"臺北市內湖區湖興里成功路2段240-242號1樓
 (中華民國天使之家全人關懷協會)",1111118,13:30-16:30,亮麗自拍展現我的美,17
111,257,內湖區,"臺北市內湖區港都里麗山街348巷22號2樓
 (麗山禮拜堂)",1111118,13:30-16:30,玩轉社群愉快交朋友,34
111,258,萬華區,"臺北市萬華區保德里東園街140巷10號
 (台北市萬華區保德里辦公處)",1111118,13:30-16:30,亮麗自拍展現我的美,21
111,259,信義區,"台北市信義區雙和里吳興街284巷24弄12號
 (雙和社區發展協會)",1111118,13:30-16:30,亮麗自拍展現我的美,15
111,260,內湖區,"台北市內湖區紫雲里康寧路一段228號
 (紫雲社區發展協會社區照顧關懷據點)",1111118,14:00-17:00,亮麗自拍展現我的美,18
111,261,大同區,台北市大同區重慶里重慶北路三段347號2樓之2 大龍市場2樓 (大龍區民活動場所教室),1111119,09:00-12:00,亮麗自拍展現我的美,22
111,262,大安區,"台北市大安區建安里忠孝東路四段169號4樓之1
 (巨匠電腦東區認證)",1111119,09:30-12:30,美食佳餚點點送到家,17
111,263,大安區,"台北市大安區建安里忠孝東路四段169號4樓之1
 (巨匠電腦東區認證)",1111119,13:30-16:30,亮麗自拍展現我的美,22
111,264,中山區,"台北市中山區新生里新生北路二段133巷45號1樓
(新安社區發展協會)",1111119,13:30-16:30,亮麗自拍展現我的美,27
111,265,大安區,"台北市大安區建安里忠孝東路四段169號4樓之1
 (巨匠電腦東區認證)",1111120,09:30-12:30,拍出誘人的美食風味,14
111,266,大安區,"台北市大安區建安里忠孝東路四段169號4樓之1
 (巨匠電腦東區認證)",1111120,13:30-16:30,老照片舊回憶愛長存,23
111,267,中山區,"台北市中山區新生里新生北路二段133巷45號1樓
 (新安社區發展協會)",1111120,18:00~21:00,懷念老歌金曲開心聽,26
111,268,士林區,"台北市士林區名山里雨聲街68號
 (貓頭鷹志工隊)",1111121,09:00~12:00,網路識讀安全自保術,34
111,269,南港區,"台北市南港區聯成里東新街77巷31號
 (臺北市南港區聯成社區發展協會)",1111121,09:00~12:00,玩轉社群愉快交朋友,25
111,270,松山區,"台北市松山區復勢里八德路三段155巷4弄35號1樓
 (財團法人伊甸社會福利基金會)",1111121,09:00~12:00,樂齡手機上網輕鬆學,14
111,271,內湖區,"台北市內湖區內湖里成功路四段50號2樓
 (巨匠電腦內湖認證)",1111121,13:30-16:30,美食佳餚點點送到家,19
111,272,文山區,"台北市文山區景東里景興路153巷1號
 (景東里辦公室)",1111121,14:00-17:00,亮麗自拍展現我的美,15
111,273,北投區,"台北市北投區榮光里石牌路一段166巷43弄15號
 (台北市北投區榮光社區發展協會)",1111122,10:00-11:00,聰明擊退網路假消息,23
111,274,士林區,"台北市士林區三玉里德行東路203巷2號1樓
 (芝山生活家)",1111122,09:00-12:00,老照片舊回憶愛長存,19
111,275,大安區,"台北市大安區法治里通化街192號
 (關懷里民活動中心)",1111122,11:00-12:00,聰明擊退網路假消息,28
111,276,中正區,"台北市中正區黎明里館前路34號4樓
 (巨匠電腦館前認證)",1111122,09:30-12:30,網路識讀安全自保術,17
111,277,中正區,"台北市中正區螢雪里福州街59號
 (螢雪里里辦公處)",1111122,09:00-12:00,IG限動分享精采人生,18
111,278,文山區,"台北市文山區明興里興隆路四段61號
 (明興里里辦公室)",1111122,09:00-12:00,拍出誘人的美食風味,20
111,279,南港區,"臺北市南港區舊莊里舊莊街1段91巷11號
 (臺北市南港舊莊社區發展協會)",1111122,13:00-16:00,亮麗自拍展現我的美,16
111,280,中正區,"台北市中正區黎明里館前路34號4樓
 (巨匠電腦館前認證)",1111122,13:30-16:30,美麗寶島逍遙青春遊,23
111,281,萬華區,"台北市萬華區福音里康定路229號6樓
 (社團法人台北市艾馨公益慈善會)",1111122,13:30-16:30,玩轉社群愉快交朋友,20
111,282,中正區,"臺北市中正區文盛里汀州路3段101號1樓101室
 (展翔據點)",1111122,13:00-16:00,網路識讀安全自保術,17
111,283,大安區,"台北市大安區福住里永康街47巷10-1號1樓
 (福住里里辦公室)",1111123,09:00-12:00,拍出誘人的美食風味,20
111,284,中正區,"台北市中正區文盛里辛亥路一段22號4樓
 (財團法人耕莘文教基金會)",1111123,09:00-12:00,亮麗自拍展現我的美,21
111,285,士林區,"台北市士林區名山里雨聲街68號
 (名山里辦公室)",1111123,09:00-12:00,懷念老歌金曲開心聽,38
111,286,北投區,"台北市北投區福興里自強街5巷22號
 (福興社區發展協會)",1111123,09:00-12:00,網路識讀安全自保術,49
111,287,中山區,"台北市中山區龍洲里民生東路三段88巷1號1樓
 (社團法人寧祈全人健康生命關懷協會)",1111123,09:00-12:00,樂齡手機上網輕鬆學,7
111,288,中正區,"台北巿中正區螢圃里牯嶺街131號
 (財團法人中華基督教廈門街浸信會)",1111123,09:30-12:30,美食佳餚點點送到家,25
111,289,中山區,"台北市中山區龍洲里民生東路三段88巷1號1樓
 (社團法人寧祈全人健康生命關懷協會)",1111123,13:30-16:30,玩轉社群愉快交朋友,11
111,290,信義區,"臺北市信義區廣居里虎林街157號1樓
 (社團法人台灣厝邊有愛關懷協會-永吉教會)",1111123,13:30-16:30,亮麗自拍展現我的美,20
111,291,中山區,"台北市中山區正守里林森北路67巷7號2樓
 (正守里里辦公室)",1111123,13:30-16:30,行動追劇快樂無極限,16
111,292,萬華區,"臺北市萬華區保德里東園街140巷10號
 (台北市萬華區保德里辦公處)",1111123,13:30-16:30,掌握銀髮照護通行證,21
111,293,大同區,"臺北市大同區建明里長安西路60號3樓
 (中華全齡關懷協會-長安據點)",1111123,13:30-16:30,美麗寶島逍遙青春遊,13
111,294,內湖區,"台北市內湖區內湖里成功路四段50號2樓
 (巨匠電腦內湖認證)",1111123,13:30-16:30,亮麗自拍展現我的美,21
111,295,中山區,"臺北市中山區金泰里敬業三路162巷109號1樓
 (財團法人基督教台灣信義會(大直真理堂)",1111123,13:30-16:30,亮麗自拍展現我的美,10
111,296,文山區,"台北市文山區試院里木柵路一段59巷4號旁
 (早安綠庄活動中心)",1111124,09:00-12:00,玩轉社群愉快交朋友,6
111,297,中正區,"臺北市中正區螢圃里重慶南路3段83巷3號
 (螢圃里里辦公室)",1111124,09:00-12:00,樂齡手機上網輕鬆學,20
111,298,大同區,"臺北市大同區蓬萊里承德路3段60號B1
 (中華萌愛關懷協會)",1111124,09:00-12:00,老照片舊回憶愛長存,13
111,299,中正區,"台北市中正區黎明里館前路34號4樓
 (巨匠電腦館前認證)",1111124,09:30-12:30,玩轉社群愉快交朋友,14
111,300,中正區,"台北市中正區黎明里館前路34號4樓
 (巨匠電腦館前認證)",1111124,13:30-16:30,IG限動分享精采人生,23
111,301,北投區,"台北市北投區泉源里東昇路45之5號
 (泉源里民活動中心)",1111124,13:30-16:30,掌握銀髮照護通行證,9
111,302,內湖區,"台北市內湖區紫星里康寧路一段62號
 (財團法人基督教台灣信義會內湖思恩堂)",1111124,13:30-16:30,美麗寶島逍遙青春遊,20
111,303,中山區,"台北巿中山區民安里民生西路6號6號
 (中華全齡關懷協會-民生據點)",1111124,13:30-16:30,行動購物支付便利通,18
111,304,中山區,"台北市中山區朱園里松江路25巷9號B1
 (朱園里里辦公室)",1111124,14:00-17:00,台北通讓生活攏會通,13
111,305,內湖區,"臺北市內湖區內湖里內湖路2段488號3樓
 (財團法人福智慈善基金會-內湖據點)",1111124,14:00-17:00,樂齡手機上網輕鬆學,18
111,306,南港區,"臺北市南港區舊莊里南深路21巷18號
 (復生教會社區照顧關懷據點)",1111125,09:00-12:00,亮麗自拍展現我的美,16
111,307,信義區,"台北市信義區雙和里吳興街284巷24弄12號
 (雙和社區發展協會)",1111125,13:30-16:30,老照片舊回憶愛長存,13
111,308,內湖區,"臺北市內湖區湖興里成功路2段240-242號1樓
 (中華民國天使之家全人關懷協會)",1111125,13:30-16:30,美食佳餚點點送到家,13
111,309,萬華區,"臺北市萬華區保德里東園街140巷10號
 (台北市萬華區保德里辦公處)",1111125,13:30-16:30,美食佳餚點點送到家,20
111,310,內湖區,"台北市內湖區內湖里成功路四段50號2樓
 (巨匠電腦內湖認證)",1111125,13:30-16:30,拍出誘人的美食風味,22
111,311,內湖區,"臺北市內湖區港都里麗山街348巷22號2樓
 (麗山禮拜堂)",1111125,13:30-16:30,亮麗自拍展現我的美,29
111,312,內湖區,"台北市內湖區紫雲里康寧路一段228號
 (紫雲社區發展協會社區照顧關懷據點)",1111125,14:00-17:00,美麗寶島逍遙青春遊,18
111,313,文山區,"台北市文山區順興里保儀路138巷28號2樓
 (順興里里辦公室)",1111127,09:00-12:00,亮麗自拍展現我的美,21
111,314,中山區,"台北市中山區新生里新生北路二段133巷45號1樓
 (新安社區發展協會)",1111127,13:30-16:30,網路識讀安全自保術,24
111,315,南港區,"台北市南港區聯成里東新街77巷31號
 (臺北市南港區聯成社區發展協會)",1111128,09:00-12:00,懷念老歌金曲開心聽,29
111,316,松山區,"台北市松山區復勢里八德路三段155巷4弄35號1樓
 (財團法人伊甸社會福利基金會)",1111128,09:00-12:00,美食佳餚點點送到家,12
111,317,文山區,"台北市文山區順興里保儀路138巷28號2樓
 (順興里里辦公室)",1111128,09:00-12:00,老照片舊回憶愛長存,16
111,318,內湖區,"台北市內湖區內湖里成功路四段50號2樓
 (巨匠電腦內湖認證)",1111128,13:30-16:30,老照片舊回憶愛長存,25
111,319,文山區,"台北市文山區景東里景興路153巷1號
 (景東里辦公室)",1111128,14:00-17:00,玩轉社群愉快交朋友,14
111,320,文山區,"台北市文山區明興里興隆路四段61號
 (明興里里辦公室)",1111129,09:00-12:00,玩轉社群愉快交朋友,21
111,321,中正區,"臺北市中正區文盛里汀州路3段101號1樓101室
 (展翔據點)",1111129,13:00-16:00,亮麗自拍展現我的美,14
111,322,萬華區,"台北市萬華區福音里康定路229號6樓
 (社團法人台北市艾馨公益慈善會)",1111129,13:30-16:30,亮麗自拍展現我的美,20
111,323,北投區,"台北市北投區振華里裕民一路40巷37號1樓
 (振華里里民活動中心)",1111129,13:30-16:30,美麗寶島逍遙青春遊,32
111,324,文山區,"台北市文山區順興里保儀路138巷28號2樓
 (順興里里辦公室)",1111129,13:30-16:30,掌握銀髮照護通行證,16
111,325,中山區,"臺北市中山區行仁里龍江路318巷7號1樓
 (財團法人臺北市松年長春社會福利基金會)",1111129,13:30-16:30,美麗寶島逍遙青春遊,24
111,326,中正區,"臺北市中正區文祥里杭州南路1段131巷22號
 (臺北市中正區文祥社區發展協會)",1111129,14:00-17:00,掌握銀髮照護通行證,20
111,327,大安區,"台北市大安區福住里永康街47巷10-1號1樓
 (福住里里辦公室)",1111130,09:00-12:00,智慧精準翻譯最即時,24
111,328,大同區,"台北市大同區景星里迪化街二段67號1樓
 (大橋教會)",1111130,09:00-12:00,樂齡手機上網輕鬆學,26
111,329,士林區,"台北市士林區名山里雨聲街68號
 (名山里辦公室)",1111130,09:00-12:00,玩轉社群愉快交朋友,42
111,330,北投區,"台北市北投區福興里自強街5巷22號
 (福興社區發展協會)",1111130,09:00-12:00,拍出誘人的美食風味,35
111,331,文山區,"台北市文山區順興里保儀路138巷28號2樓
 (順興里里辦公室)",1111130,09:00-12:00,網路識讀安全自保術,15
111,332,信義區,"臺北市信義區興雅里松隆路36號4樓
 (信義老人服務中心)",1111130,09:00-12:00,玩轉社群愉快交朋友,25
111,333,中正區,"臺北市中正區文祥里杭州南路1段131巷22號
 (臺北市中正區文祥社區發展協會)",1111130,09:00-12:00,老照片舊回憶愛長存,18
111,334,北投區,"台北市北投區泉源里東昇路80號
 (頂湖活動中心)",1111130,13:30-16:30,亮麗自拍展現我的美,16
111,335,北投區,"台北市北投區振華里裕民一路40巷37號1樓
 (振華里里民活動中心)",1111130,13:30-16:30,玩轉社群愉快交朋友,24
111,336,內湖區,"台北市內湖區內湖里成功路四段50號2樓
 (巨匠電腦內湖認證)",1111130,13:30-16:30,IG限動分享精采人生,24
111,337,中山區,"臺北市中山區金泰里敬業三路162巷109號1樓
 (財團法人基督教台灣信義會(大直真理堂)",1111130,13:30-16:30,玩轉社群愉快交朋友,12
