開課年度,開課學期,校名,課程名稱,系所名稱,年級,學分數,學制,必選修,總修課人數
108,1,國立清華大學,共善的社會設計,通識教育中心,,2,學士班(含第二部),選修,47
108,1,國立清華大學,生態體系與全球變遷,通識教育中心,,2,學士班(含第二部),必修,120
108,1,國立清華大學,生態體系與全球變遷,通識教育中心,,2,學士班(含第二部),必修,66
108,1,國立清華大學,衍生性金融商品實務研討,計量財務金融學系,,2,學士班(含第二部),選修,28
108,1,銘傳大學,音樂與生活,通識教育中心,,2,學士班(含第二部),選修,60
108,1,銘傳大學,生命科學,通識教育中心,,2,學士班(含第二部),選修,119
108,1,銘傳大學,生命科學,通識教育中心,,2,學士班(含第二部),選修,119
108,1,銘傳大學,民主與法治,通識教育中心,,2,學士班(含第二部),選修,97
108,1,銘傳大學,民主與法治,通識教育中心,,2,學士班(含第二部),選修,94
108,1,銘傳大學,華人歷史與文化,通識教育中心,,2,學士班(含第二部),選修,94
108,1,銘傳大學,應用英文(一),諮商與工商心理學系,1,0,學士班(含第二部),必修,68
108,1,銘傳大學,台灣環境生態,通識教育中心,,2,學士班(含第二部),選修,60
108,1,銘傳大學,應用英文(一),資訊管理學系,1,0,學士班(含第二部),必修,60
108,1,銘傳大學,應用英文(一),資訊管理學系,1,0,學士班(含第二部),必修,60
108,1,銘傳大學,應用英文(一),資訊管理學系,1,0,學士班(含第二部),必修,46
108,1,銘傳大學,應用英文(一),資訊工程學系,1,0,學士班(含第二部),必修,60
108,1,銘傳大學,應用英文(一),財務金融學系,1,0,學士班(含第二部),必修,60
108,1,銘傳大學,應用英文(一),財務金融學系,1,0,學士班(含第二部),必修,61
108,1,銘傳大學,應用英文(一),財務金融學系,1,0,學士班(含第二部),必修,54
108,1,銘傳大學,應用英文(一),財務金融學系,1,0,學士班(含第二部),必修,58
108,1,國立中興大學,土壤生物技術,土環系,4,3,學士班(含第二部),選修,88
108,1,國立中興大學,土壤生物技術,生技學程,4,3,學士班(含第二部),選修,88
108,1,銘傳大學,統計學(一),企業管理學系,2,3,學士班(含第二部),必修,120
108,1,銘傳大學,應用英文(一),會計學系,1,0,學士班(含第二部),必修,60
108,1,銘傳大學,應用英文(一),會計學系,1,0,學士班(含第二部),必修,59
108,1,銘傳大學,應用英文(一),會計學系,1,0,學士班(含第二部),必修,51
108,1,銘傳大學,應用英文(一),會計學系,1,0,學士班(含第二部),必修,55
108,1,銘傳大學,會計學(一),會計學系,1,3,學士班(含第二部),必修,120
108,1,銘傳大學,應用英文(一),企業管理學系,1,0,學士班(含第二部),必修,53
108,1,銘傳大學,應用英文(一),企業管理學系,1,0,學士班(含第二部),必修,59
108,1,銘傳大學,應用英文(一),動漫文創設計學士學位學程,1,0,學位學程,必修,53
108,1,銘傳大學,應用英文(一),財金法律學系,1,0,學士班(含第二部),必修,53
108,1,銘傳大學,應用英文(一),生物醫學工程學系,1,0,學士班(含第二部),必修,49
108,1,銘傳大學,應用英文(一),企業管理學系,1,0,學士班(含第二部),必修,59
108,1,銘傳大學,應用英文(一),企業管理學系,1,0,學士班(含第二部),必修,54
108,1,銘傳大學,應用英文(一),法律學系,1,0,學士班(含第二部),必修,40
108,1,銘傳大學,應用英文(一),法律學系,1,0,學士班(含第二部),必修,47
108,1,銘傳大學,應用英文(一),金融科技應用學士學位學程,1,0,學位學程,必修,45
108,1,銘傳大學,應用英文(一),數位媒體設計學系,1,0,學士班(含第二部),必修,70
108,1,銘傳大學,應用英文(一),數位媒體設計學系,1,0,學士班(含第二部),必修,70
108,1,銘傳大學,應用英文(一),醫療資訊與管理學系,1,0,學士班(含第二部),必修,53
108,1,銘傳大學,應用英文(一),醫療資訊與管理學系,1,0,學士班(含第二部),必修,54
108,1,銘傳大學,應用英文(一),華語文教學學系,1,0,學士班(含第二部),必修,59
108,1,銘傳大學,應用英文(一),華語文教學學系,1,0,學士班(含第二部),必修,55
108,1,銘傳大學,雙語教學,華語文教學學系,2,3,學士班(含第二部),選修,35
108,1,銘傳大學,微積分,國際企業學系,1,3,學士班(含第二部),必修,119
108,1,銘傳大學,應用英文(一),生物科技學系,1,0,學士班(含第二部),必修,50
108,1,銘傳大學,應用英文(一),生物科技學系,1,0,學士班(含第二部),必修,49
108,1,銘傳大學,應用英文(一),應用日語學系,1,0,學士班(含第二部),必修,68
108,1,銘傳大學,應用英文(一),應用日語學系,1,0,學士班(含第二部),必修,64
108,1,銘傳大學,應用英文(一),國際企業學系,1,0,學士班(含第二部),必修,59
108,1,銘傳大學,應用英文(一),國際企業學系,1,0,學士班(含第二部),必修,52
108,1,銘傳大學,應用英文(一),國際企業學系,1,0,學士班(含第二部),必修,27
108,1,銘傳大學,應用英文(一),國際企業學系,1,0,學士班(含第二部),必修,37
108,1,銘傳大學,音樂與生活,通識教育中心,,2,學士班(含第二部),選修,60
108,1,銘傳大學,音樂欣賞,通識教育中心,,2,學士班(含第二部),選修,60
108,1,銘傳大學,台灣環境生態,通識教育中心,,2,學士班(含第二部),選修,60
108,1,銘傳大學,應用英文(一),電腦與通訊工程學系,1,0,學士班(含第二部),必修,59
108,1,銘傳大學,應用英文(一),電腦與通訊工程學系,1,0,學士班(含第二部),必修,55
108,1,銘傳大學,應用英文(一),公共事務學系,1,0,學士班(含第二部),必修,59
108,1,銘傳大學,應用英文(一),犯罪防治學系,1,0,學士班(含第二部),必修,54
108,1,銘傳大學,應用英文(一),犯罪防治學系,1,0,學士班(含第二部),必修,65
108,1,銘傳大學,應用英文(一),應用中國文學系,1,0,學士班(含第二部),必修,60
108,1,銘傳大學,應用英文(一),風險管理與保險學系,1,0,學士班(含第二部),必修,42
108,1,銘傳大學,應用英文(一),風險管理與保險學系,1,0,學士班(含第二部),必修,70
108,1,銘傳大學,應用英文(一),風險管理與保險學系,1,0,學士班(含第二部),必修,54
108,1,銘傳大學,經濟學(一),風險管理與保險學系,1,3,學士班(含第二部),必修,99
108,1,銘傳大學,應用英文(一),都市規劃與防災學系,1,0,學士班(含第二部),必修,60
108,1,銘傳大學,應用英文(一),資訊工程學系,1,0,學士班(含第二部),必修,56
108,1,銘傳大學,應用英文(一),電子工程學系,1,0,學士班(含第二部),必修,58
108,1,銘傳大學,應用英文(一),電子工程學系,1,0,學士班(含第二部),必修,45
108,1,銘傳大學,應用英文(一),應用中國文學系,1,0,學士班(含第二部),必修,62
108,1,國立中興大學,農業科技創新與產業分析,農資院,4,2,其它(含四技二專),選修,15
108,1,國立宜蘭大學,GC王陽明帶你打土匪,通識教育中心多元選修,1,2,學士班(含第二部),選修,130
108,1,國立宜蘭大學,GD生活中的物理,通識教育中心多元選修,1,2,學士班(含第二部),選修,84
108,1,國立宜蘭大學,GD綠色能源與綠色材料,通識教育中心多元選修,1,2,學士班(含第二部),選修,80
108,1,國立中興大學,食品奈米科技導論,生技學程,4,2,學士班(含第二部),選修,13
108,1,國立中興大學,食品奈米科技導論,食生系,4,2,學士班(含第二部),選修,13
108,1,亞洲大學,行動商務安全,行動商務與多媒體應用學系,4,3,學士班(含第二部),選修,69
108,1,亞洲大學,傳播理論,資訊傳播學系,3,3,學士班(含第二部),必修,61
108,1,亞洲大學,傳播理論,資訊傳播學系,3,3,學士班(含第二部),必修,56
108,1,亞洲大學,商標法,財經法律學系(科技法律組),3,2,學士班(含第二部),選修,58
108,1,國立宜蘭大學,食品奈米科技導論,食品科學系,3,2,學士班(含第二部),選修,52
108,1,亞洲大學,資訊與科技,通識教育中心,1,2,學士班(含第二部),必修,53
108,1,亞洲大學,基礎程式設計(一),光電與通訊學系,1,1,學士班(含第二部),選修,48
108,1,亞洲大學,愛情、性別與法律,通識教育中心,1,2,學士班(含第二部),必修,105
108,1,亞洲大學,資訊與科技,通識教育中心,1,2,學士班(含第二部),必修,58
108,1,亞洲大學,統計學(一),管理學院進修學士學位學程,2,3,進修學士班(原夜間部),必修,43
108,1,亞洲大學,電子商務,管理學院進修學士學位學程,3,3,進修學士班(原夜間部),選修,28
108,1,亞洲大學,顧客關係管理,管理學院進修學士學位學程,4,3,進修學士班(原夜間部),必修,45
108,1,亞洲大學,資料結構與演算法,生物資訊與醫學工程學系,2,3,學士班(含第二部),選修,32
108,1,亞洲大學,健康產業策略管理,健康產業管理學系(醫療機構管理組),4,2,學士班(含第二部),選修,46
108,1,亞洲大學,健康產業策略管理,健康產業管理學系(健康產業管理組),4,2,學士班(含第二部),選修,36
108,1,東吳大學,簡報美學,通識教育中心,0,2,學士班(含第二部),必修,80
108,1,東吳大學,PHP與MYSQL資料庫程式初探,通識教育中心,0,2,學士班(含第二部),選修,44
108,1,東吳大學,韓流與當代東亞流行文化,社會學系,2,3,學士班(含第二部),選修,39
108,1,東吳大學,材料化學,化學系,4,2,學士班(含第二部),選修,36
108,1,東吳大學,科技、學習與教學,師資培育中心,0,2,學分學程,選修,37
108,1,東吳大學,非營利組織管理,社會工作學系,4,3,學士班(含第二部),選修,62
108,1,東吳大學,教育哲學,師資培育中心,0,2,學分學程,選修,33
108,1,東吳大學,程式邏輯基礎,通識教育中心,0,1,學士班(含第二部),選修,166
108,1,東吳大學,EXCEL高階函數與VBA設計,通識教育中心,0,2,學士班(含第二部),選修,60
108,1,東吳大學,程式思維與撰寫從頭學,通識教育中心,0,2,學士班(含第二部),選修,125
108,1,東吳大學,用程式邏輯解決生活大小事,通識教育中心,0,2,學士班(含第二部),選修,174
108,1,東吳大學,社會工作史,社會工作學系,1,3,學士班(含第二部),選修,87
108,1,東吳大學,統計電腦軟體運用,社會工作學系,2,3,學士班(含第二部),選修,10
108,1,東吳大學,高齡社會與福利服務,社會工作學系,2,2,學士班(含第二部),選修,74
108,1,東吳大學,安寧療護社會工作,社會工作學系,3,3,學士班(含第二部),選修,90
108,1,東吳大學,管理數學,企業管理學系,1,2,學士班(含第二部),必修,21
108,1,東吳大學,中國傳統啟蒙經典教材,通識教育中心,0,2,學士班(含第二部),必修,57
108,1,長榮大學,國際關係,大眾傳播學系,4,3,學士班(含第二部),選修,18
108,1,長榮大學,新聞傳播史,大眾傳播學系,2,2,學士班(含第二部),選修,50
108,1,國立中正大學,軟體工程,資訊工程學系,3A,3,學士班(含第二部),選修,20
108,1,國立中正大學,流體力學,地球與環境科學系,3A,3,學士班(含第二部),選修,28
108,1,國立彰化師範大學,漢語語言學,國文學系,4,3,學士班(含第二部),選修,1
108,1,國立彰化師範大學,控制元件應用技術,工業教育與技術學系,3,3,學士班(含第二部),必修,20
108,1,國立彰化師範大學,機率與統計,電子工程學系,2,3,學士班(含第二部),選修,18
108,1,國立彰化師範大學,資料結構,資訊工程學系,2,3,學士班(含第二部),必修,58
108,1,國立彰化師範大學,計算機演算法,資訊工程學系,3,3,學士班(含第二部),必修,65
108,1,國立彰化師範大學,機構學,工業教育與技術學系,2,3,學士班(含第二部),必修,47
108,1,國立彰化師範大學,可程式控制技術,工業教育與技術學系,2,3,學士班(含第二部),必修,22
108,1,國立彰化師範大學,可程式控制技術,工業教育與技術學系,2,3,學士班(含第二部),必修,20
108,1,國立彰化師範大學,財務管理,會計學系,2,3,學士班(含第二部),必修,39
108,1,國立彰化師範大學,中國文學史(一),國文學系,2,3,學士班(含第二部),必修,50
108,1,國立中央大學,微積分先修課程,數學系,0,2,學士班(含第二部),選修,79
108,1,國立中央大學,食品安全與生活,通識教育中心,0,2,學士班(含第二部),選修,145
108,1,國立嘉義大學,書藝與生活(網路通識-歷史文化與藝文涵養領域),通識教育(大學部),2,2,學士班(含第二部),必修,55
108,1,淡江大學,公共圖書館,資訊與圖書館學系(日),3,2,學士班(含第二部),選修,109
108,1,淡江大學,多媒體技術與應用,資訊與圖書館學系(日),1,3,學士班(含第二部),選修,71
108,1,淡江大學,進修英文,外語學院共同科目(日),0,2,學士班(含第二部),選修,112
108,1,淡江大學,進修英文,外語學院共同科目(日),0,2,學士班(含第二部),選修,169
108,1,淡江大學,進修英文,外語學院共同科目(日),0,2,學士班(含第二部),選修,50
108,1,淡江大學,微機電系統概論,工學院共同科目(日),0,2,學士班(含第二部),選修,118
108,1,國立嘉義大學,前瞻資訊科技(網路通識-物質科學與生活應用領域),通識教育(大學部),1,2,學士班(含第二部),必修,58
108,1,國立嘉義大學,人權與法律(網路通識-公民素養與社會關懷領域),通識教育(大學部),2,2,學士班(含第二部),必修,54
108,1,淡江大學,應用西班牙文:華語教學,西班牙語文學系(日),3,2,學士班(含第二部),選修,50
108,1,淡江大學,俄語會話(三),俄國語文學系(日),3,2,學士班(含第二部),必修,25
108,1,國立嘉義大學,生活與園藝(網路通識-生命探索與環境關懷領域),通識教育(大學部),3,2,學士班(含第二部),必修,54
108,1,國立嘉義大學,工程與生活(網路通識-物質科學與生活應用領域),通識教育(大學部),2,2,學士班(含第二部),必修,55
108,1,淡江大學,應用統計方法(一),統計學系(日),4,2,學士班(含第二部),選修,119
108,1,淡江大學,應用統計方法(一),統計學系(進學),4,2,進修學士班(原夜間部),選修,29
108,1,淡江大學,環境未來,未來學學門-日,0,2,學士班(含第二部),必修,76
108,1,淡江大學,資訊概論,統計學系(日),1,2,學士班(含第二部),必修,128
108,1,淡江大學,歐洲文化史,歷史與文化學門-進,0,2,進修學士班(原夜間部),必修,82
108,1,淡江大學,歐洲文化史,歷史與文化學門-進,0,2,進修學士班(原夜間部),必修,91
108,1,淡江大學,法語語音學,法國語文學系(日),1,2,學士班(含第二部),選修,82
108,1,淡江大學,英語口語表達,英文學系(日),2,2,學士班(含第二部),必修,21
108,1,淡江大學,英語口語表達,英文學系(日),2,2,學士班(含第二部),必修,23
108,1,淡江大學,英語口語表達,英文學系(日),2,2,學士班(含第二部),必修,23
108,1,淡江大學,組織行為,企業管理學系(日),2,3,學士班(含第二部),必修,88
108,1,淡江大學,人力資源發展,公共行政學系(進學),4,2,進修學士班(原夜間部),選修,42
108,1,淡江大學,電腦入門與程式思維,資訊教育學門-日,0,2,學士班(含第二部),必修,70
108,1,淡江大學,計算材料,物理學系,4,3,學士班(含第二部),選修,18
108,1,淡江大學,文學名篇選讀:愛戀與生活,文學經典學門-日,0,2,學士班(含第二部),必修,78
108,1,淡江大學,表演藝術,藝術欣賞與創作學門-日,0,2,學士班(含第二部),必修,71
108,1,淡江大學,表演藝術,藝術欣賞與創作學門-日,0,2,學士班(含第二部),必修,65
108,1,淡江大學,證券投資實務,財務金融學系(進學),3,3,進修學士班(原夜間部),選修,59
108,1,淡江大學,期貨市場,財務金融學系(進學),3,3,進修學士班(原夜間部),必修,27
108,1,淡江大學,俄語會話(四),俄國語文學系(日),4,2,學士班(含第二部),必修,26
108,1,淡江大學,俄語會話(四),俄國語文學系(日),4,2,學士班(含第二部),必修,17
108,1,淡江大學,進修俄語,俄國語文學系(日),4,2,學士班(含第二部),選修,19
108,1,淡江大學,資訊概論,財務金融學系(日),1,2,學士班(含第二部),必修,149
108,1,淡江大學,資訊概論,全球財務管理全英語學士學位學程,1,2,學位學程,必修,82
108,1,淡江大學,物理與生活,自然科學學門-日,0,2,學士班(含第二部),必修,56
108,1,國立臺灣大學,衛生保健,復健系,0,2,學士班(含第二部),選修,112
108,1,大葉大學,初級會計(一),管理學院院部,1,3,學士班(含第二部),必修,76
108,1,國立臺灣大學,衛生保健,臺大遠距教學,0,2,學士班(含第二部),選修,112
108,1,國立臺灣大學,食品衛生管理與品質評估,臺大遠距教學,0,2,學士班(含第二部),選修,8
108,1,國立臺灣大學,生物系統工程之外國文獻導,臺大遠距教學,0,2,學士班(含第二部),選修,9
108,1,國立臺灣大學,再生能源及生物資源循環利,臺大遠距教學,0,2,學士班(含第二部),選修,12
108,1,國立臺灣大學,生物統計學一,臺大遠距教學,0,3,學士班(含第二部),必修,122
108,1,國立臺灣大學,永續健康與環境,臺大遠距教學,0,2,學士班(含第二部),選修,12
108,1,國立臺灣大學,分子生物與細胞學,臺大遠距教學,0,2,學士班(含第二部),選修,14
108,1,國立臺灣大學,全球創新的原理與實踐,臺大遠距教學,0,3,學士班(含第二部),選修,14
108,1,國立臺灣大學,全球創新的原理與實踐,創意創業學程,0,3,學士班(含第二部),選修,14
108,1,國立臺灣大學,生物統計學一,神經認知學程,0,3,學士班(含第二部),必修,122
108,1,國立臺灣大學,食品衛生管理與品質評估,農化所,0,2,學士班(含第二部),選修,8
108,1,國立臺灣大學,生物統計學一,生物統計學程,0,3,學士班(含第二部),選修,122
108,1,國立臺灣大學,全球創新的原理與實踐,創新設計學院,0,3,學士班(含第二部),選修,14
108,1,國立臺灣大學,生物系統工程之外國文獻導,生物機電系,0,2,學士班(含第二部),選修,9
108,1,國立臺灣大學,再生能源及生物資源循環利,生物機電系,0,2,學士班(含第二部),選修,12
108,1,國立臺灣大學,生物系統工程之外國文獻導,生物機電所,0,2,學士班(含第二部),選修,9
108,1,國立臺灣大學,再生能源及生物資源循環利,生物機電所,0,2,學士班(含第二部),選修,12
108,1,國立臺灣大學,分子生物與細胞學,生技學程,0,2,學士班(含第二部),選修,14
108,1,國立臺灣大學,生物統計學一,人口學程,0,3,學士班(含第二部),必修,122
108,1,國立政治大學,資料分析與程式設計入門,資訊管理學系,0,3,學士班(含第二部),選修,81
108,1,國立政治大學,資料分析與程式設計入門,資訊管理學系,0,3,學士班(含第二部),選修,74
108,1,義守大學,通訊系統,電機工程學系,3,3,學士班(含第二部),必修,57
108,1,義守大學,通訊系統,電機工程學系,3,3,學士班(含第二部),必修,48
108,1,義守大學,通訊系統,電機工程學系,3,3,學士班(含第二部),必修,28
108,1,義守大學,專題研討(二),電機工程學系,4,2,學士班(含第二部),必修,40
108,1,義守大學,專題研討(二),電機工程學系,4,2,學士班(含第二部),必修,28
108,1,義守大學,專題研討(二),電機工程學系,4,2,學士班(含第二部),必修,34
108,1,義守大學,探索微生物的世界,通識教育中心,1,2,學士班(含第二部),選修,72
108,1,實踐大學,日語能力檢定N1,應用日文學系,,2,學士班(含第二部),選修,30
108,1,實踐大學,產業與競爭分析,金融管理學系,,3,學士班(含第二部),選修,25
108,1,實踐大學,經濟學研討,金融管理學系,,3,學士班(含第二部),選修,18
108,1,實踐大學,網路建構實作,資訊科技與通訊學系,,3,學士班(含第二部),選修,38
108,1,實踐大學,3D電腦動畫(一),資訊模擬與設計學系,,3,學士班(含第二部),必修,36
108,1,實踐大學,英語演辯(一),應用英語學系,,2,學士班(含第二部),必修,14
108,1,實踐大學,商務合約與文件筆譯,應用英語學系,,2,學士班(含第二部),選修,24
108,1,實踐大學,日語語法(二),應用日文學系,,2,學士班(含第二部),選修,60
108,1,實踐大學,日語語法(二),應用日文學系,,2,學士班(含第二部),選修,60
108,1,輔仁大學,App Inventor 2手機應用程式開發-網,(全)自然科技,0,2,學士班(含第二部),必選修,949
108,1,實踐大學,觀光人力資源管理,觀光管理學系,,2,學士班(含第二部),必修,47
108,1,實踐大學,觀光人力資源管理,觀光管理學系,,2,學士班(含第二部),必修,37
108,1,實踐大學,旅行業內部作業概要,觀光管理學系,,2,學士班(含第二部),選修,63
108,1,實踐大學,國內外旅遊行程規劃,觀光管理學系,,3,學士班(含第二部),選修,64
108,1,實踐大學,英翻中習作,應用英語學系,,2,學士班(含第二部),選修,32
108,1,實踐大學,航空英文,應用英語學系,,2,學士班(含第二部),選修,16
108,1,實踐大學,國貿英文,應用英語學系,,2,學士班(含第二部),選修,31
108,1,輔仁大學,外國語文(中級英文實用口說與寫作)-網,全人語言文化涵養課程-外國語文,2,2,學士班(含第二部),必修,35
108,1,世新大學,O初階數位影片廣告製作,公共關係暨廣告學系,2,2,學士班(含第二部),必修,64
108,1,世新大學,O初階數位影片廣告製作,公共關係暨廣告學系,2,2,學士班(含第二部),必修,58
108,1,世新大學,O初階數位影片廣告製作,公共關係暨廣告學系,2,2,學士班(含第二部),必修,61
108,1,輔仁大學,英文寫作(一):論說文-網,全校進階英文,1,2,學士班(含第二部),選修,30
108,1,輔仁大學,英文閱讀(一):英美大眾文化-網,全校進階英文,1,2,學士班(含第二部),選修,48
108,1,輔仁大學,跨文化商務溝通-網,全校進階英文,1,2,學士班(含第二部),選修,39
108,1,輔仁大學,英文閱讀(二):新聞英文閱讀-網,全校進階英文,1,2,學士班(含第二部),選修,61
108,1,輔仁大學,雅思英文-網,全校進階英文,1,2,學士班(含第二部),選修,63
108,1,輔仁大學,中英雙向翻譯入門-網,全校進階英文,1,2,學士班(含第二部),選修,31
108,1,輔仁大學,主題式多益聽力與詞彙-網,全校進階英文,1,2,學士班(含第二部),選修,135
108,1,世新大學,影音平台架設與內容產製,傳播管理學系,2,3,學士班(含第二部),選修,46
108,1,世新大學,旅遊文學與歷史,通識教育中心,0,2,學士班(含第二部),選修,97
108,1,靜宜大學,聖經文學(一),英國語文學系,2A,2,學士班(含第二部),必修,91
108,1,國立臺南大學,課程發展與設計,教育學系,2,2,學士班(含第二部),必修,48
108,1,國立臺南大學,課程發展與設計,教育學系,2,2,學士班(含第二部),必修,41
108,1,國立臺南大學,臺南學概論,人文學院,1,2,學士班(含第二部),必修,201
108,1,臺北醫學大學,食品與健康,一般通識組,1,2,學士班(含第二部),選修,86
108,1,臺北醫學大學,運動與健康,一般通識組,1,2,學士班(含第二部),選修,134
108,1,臺北醫學大學,運動生物學概論,一般通識組,1,2,學士班(含第二部),選修,135
108,1,臺北醫學大學,居家照顧與技巧,護理學系,2,2,學士班(含第二部),選修,106
108,1,臺北醫學大學,普通生物學,護理學系,1,2,學士班(含第二部),選修,65
108,1,臺北醫學大學,居家照顧與技巧,口腔衛生學系,2,2,學士班(含第二部),選修,32
108,1,臺北醫學大學,牙科臨床整合性治療,牙醫學系,6,2,學士班(含第二部),必修,106
108,1,臺北醫學大學,Python程式設計,學士後大數據科技及管理學士學位學程,1,3,學士班(含第二部),必修,31
108,1,臺北醫學大學,醫療資料庫分析,學士後大數據科技及管理學士學位學程,1,2,學士班(含第二部),選修,36
108,1,臺北醫學大學,人工智慧導論,一般通識組,1,2,學士班(含第二部),必修,200
108,1,臺北醫學大學,普通生物學,高齡健康管理學系,1,2,學士班(含第二部),選修,33
108,1,臺北醫學大學,高階英文聽力,語言中心組,1,2,學士班(含第二部),選修,217
108,1,臺北醫學大學,基礎程式設計,一般通識組,1,2,學士班(含第二部),必修,194
108,1,臺北醫學大學,人工智慧導論,一般通識組,1,2,學士班(含第二部),選修,122
108,1,臺北醫學大學,多媒體設計,一般通識組,1,2,學士班(含第二部),選修,47
108,1,臺北醫學大學,資訊科技與社會,一般通識組,1,2,學士班(含第二部),選修,69
108,1,臺北醫學大學,普通生物學,保健營養學系,1,2,學士班(含第二部),必修,64
108,1,臺北醫學大學,研究生英語精進,語言中心組,1,2,學士班(含第二部),選修,38
108,1,臺北醫學大學,普通生物學,食品安全學系,1,2,學士班(含第二部),必修,39
108,1,臺北醫學大學,居家照顧與技巧,學士後護理學系,1,2,學士班(含第二部),選修,44
108,1,臺北醫學大學,普通生物學,學士後護理學系,1,2,學士班(含第二部),選修,5
108,1,臺北醫學大學,人工智慧及深度學習,學士後大數據科技及管理學士學位學程,1,3,學士班(含第二部),必修,32
108,1,東海大學,笑話聽讀講輕鬆學英文,英語中心,0,3,學士班(含第二部),選修,36
108,1,東海大學,網路學英語,英語中心,0,3,學士班(含第二部),選修,34
108,1,中原大學,GE985B音樂基礎訓練,人文與教育學院,0,2,學士班(含第二部),選修,79
108,1,中原大學,CH171B化學工程概論,工學院,1,0,學士班(含第二部),必修,53
108,1,中原大學,GE525A生命與醫療史,人文與教育學院,0,2,學士班(含第二部),選修,64
108,1,中原大學,PH790B基礎應用數學(一),理學院,1,1,學士班(含第二部),必修,62
108,1,中原大學,NA507R奈米科技,理學院,1,3,學位學程,必修,7
108,1,東海大學,食品奈米科技導論,食品科學系,3,2,學士班(含第二部),選修,41
108,1,中原大學,GE659B創意思解,人文與教育學院,0,2,學士班(含第二部),選修,60
108,1,中原大學,PS410L國際短期講座(五),理學院,4,1,學士班(含第二部),選修,33
108,1,中原大學,GQ392D台灣政治與民主,人文與教育學院,0,2,學士班(含第二部),必修,134
108,1,中原大學,BT414L藥物毒理學,理學院,4,3,學士班(含第二部),選修,25
108,1,中原大學,BT514L高等細胞學,理學院,4,2,學士班(含第二部),選修,20
108,1,中原大學,GE638A超級英雄的物理學,人文與教育學院,0,2,學士班(含第二部),選修,62
108,1,中原大學,GE659A創意思解,人文與教育學院,0,2,學士班(含第二部),選修,60
108,1,中原大學,GE035A弓與弦的午茶時光,人文與教育學院,0,0.5,學士班(含第二部),選修,31
108,1,中原大學,GE985B音樂基礎訓練,人文與教育學院,0,2,學士班(含第二部),選修,79
108,1,中原大學,GE525B生命與醫療史,人文與教育學院,0,2,學士班(含第二部),選修,63
108,1,中原大學,GE586A多元文化概論,人文與教育學院,0,2,學士班(含第二部),選修,62
108,1,中原大學,GE586B多元文化概論,人文與教育學院,0,2,學士班(含第二部),選修,62
108,1,中原大學,CH171C化學工程概論,工學院,1,0,學士班(含第二部),必修,59
108,1,中原大學,GE034A音樂時光隧道,人文與教育學院,0,0.5,學士班(含第二部),選修,27
108,1,中原大學,GE105A財務金融理論與應用,人文與教育學院,0,2,學士班(含第二部),選修,39
108,1,中原大學,BT414L藥物毒理學,理學院,4,3,學士班(含第二部),選修,25
108,1,中原大學,BT514L高等細胞學,理學院,4,2,學士班(含第二部),選修,20
108,1,中原大學,CH242D質能均衡,工學院,2,3,學士班(含第二部),必修,26
108,1,中原大學,GE035B弓與弦的午茶時光,人文與教育學院,0,0.5,學士班(含第二部),選修,29
108,1,中原大學,GE100A楚漢相爭之職場競爭力,人文與教育學院,0,2,學士班(含第二部),選修,45
108,1,中原大學,GE105A財務金融理論與應用,人文與教育學院,0,2,學士班(含第二部),選修,39
108,1,中原大學,PH790B基礎應用數學(一),理學院,1,1,學士班(含第二部),必修,62
108,1,中原大學,GE034A音樂時光隧道,人文與教育學院,0,0.5,學士班(含第二部),選修,27
108,1,中原大學,GE035A弓與弦的午茶時光,人文與教育學院,0,0.5,學士班(含第二部),選修,31
108,1,中原大學,CH171A化學工程概論,工學院,1,0,學士班(含第二部),必修,55
108,1,中原大學,BT514L高等細胞學,理學院,4,2,學士班(含第二部),選修,20
108,1,中原大學,GQ392C台灣政治與民主,人文與教育學院,0,2,學士班(含第二部),必修,115
108,1,中原大學,GE985B音樂基礎訓練,人文與教育學院,0,2,學士班(含第二部),選修,79
108,1,中原大學,GE638A超級英雄的物理學,人文與教育學院,0,2,學士班(含第二部),選修,62
108,1,中原大學,BT414L藥物毒理學,理學院,4,3,學士班(含第二部),選修,25
108,1,中原大學,PH790B基礎應用數學(一),理學院,1,1,學士班(含第二部),必修,62
108,1,中原大學,CH207I工程數學(二),工學院,3,3,學士班(含第二部),必修,40
108,1,中原大學,GE659A創意思解,人文與教育學院,0,2,學士班(含第二部),選修,60
108,1,中原大學,GE659B創意思解,人文與教育學院,0,2,學士班(含第二部),選修,60
108,1,中原大學,GE659A創意思解,人文與教育學院,0,2,學士班(含第二部),選修,60
108,1,中原大學,GE659B創意思解,人文與教育學院,0,2,學士班(含第二部),選修,60
108,1,中原大學,NA507R奈米科技,理學院,1,3,學位學程,必修,7
108,1,中原大學,NA507R奈米科技,理學院,1,3,學位學程,必修,7
108,1,中原大學,GE638A超級英雄的物理學,人文與教育學院,0,2,學士班(含第二部),選修,62
108,1,中原大學,PS410L國際短期講座(五),理學院,4,1,學士班(含第二部),選修,33
108,1,中原大學,GE100A楚漢相爭之職場競爭力,人文與教育學院,0,2,學士班(含第二部),選修,45
108,1,中原大學,GE586A多元文化概論,人文與教育學院,0,2,學士班(含第二部),選修,62
108,1,中原大學,GE586B多元文化概論,人文與教育學院,0,2,學士班(含第二部),選修,62
108,1,中原大學,GE594A原住民文化與藝術,人文與教育學院,0,2,學士班(含第二部),選修,63
108,1,中原大學,GE034A音樂時光隧道,人文與教育學院,0,0.5,學士班(含第二部),選修,27
108,1,中原大學,CH171A化學工程概論,工學院,1,0,學士班(含第二部),必修,55
108,1,中原大學,GE525A生命與醫療史,人文與教育學院,0,2,學士班(含第二部),選修,64
108,1,中原大學,GQ392D台灣政治與民主,人文與教育學院,0,2,學士班(含第二部),必修,134
108,1,中原大學,GE525B生命與醫療史,人文與教育學院,0,2,學士班(含第二部),選修,63
108,1,逢甲大學,水文學,綜合班,0,3,學士班(含第二部),必修,6
108,1,逢甲大學,程式設計(II),綜合班,0,2,學士班(含第二部),必修,7
108,1,中國文化大學,自然通識︰物理學與創意思考,通識,2,2,學士班(含第二部),必修,70
108,1,真理大學,美國文學: 1865年以前,英美語文學系,4,2,學士班(含第二部),選修,73
108,1,真理大學,語言學與英語教學,英美語文學系,4,2,學士班(含第二部),選修,71
108,1,國立清華大學,Python語言程式入門,資訊工程學系,,3,學士班(含第二部),選修,113
108,1,國立清華大學,生命科學一,生命科學院學士班,,3,學士班(含第二部),必修,142
108,1,銘傳大學,音樂欣賞,通識教育中心,,2,學士班(含第二部),選修,59
108,1,銘傳大學,應用英文(一),經濟與金融學系,1,0,學士班(含第二部),必修,60
108,1,銘傳大學,應用英文(一),餐旅管理學系,1,0,學士班(含第二部),必修,69
108,1,銘傳大學,應用英文(一),商業設計學系,1,0,學士班(含第二部),必修,64
108,1,銘傳大學,應用英文(一),商業設計學系,1,0,學士班(含第二部),必修,52
108,1,銘傳大學,應用英文(一),新聞學系,1,0,學士班(含第二部),必修,59
108,1,真理大學,人力資源管理,觀光數位知識學系,2,2,學士班(含第二部),選修,49
108,1,銘傳大學,統計學(二),應用統計與資料科學學系,1,3,學士班(含第二部),必修,65
108,1,銘傳大學,應用英文(一),休閒遊憩管理學系,1,0,學士班(含第二部),必修,63
108,1,銘傳大學,應用英文(一),休閒遊憩管理學系,1,0,學士班(含第二部),必修,7
108,1,銘傳大學,應用英文(一),廣播電視學系,1,0,學士班(含第二部),必修,77
108,1,銘傳大學,應用英文(一),廣播電視學系,1,0,學士班(含第二部),必修,7
108,1,銘傳大學,應用英文(一),資訊傳播工程學系,1,0,學士班(含第二部),必修,60
108,1,銘傳大學,應用英文(一),應用統計與資料科學學系,1,0,學士班(含第二部),必修,57
108,1,銘傳大學,程式語言,應用統計與資料科學學系,1,3,學士班(含第二部),必修,65
108,1,銘傳大學,應用英文(一),應用統計與資料科學學系,1,0,學士班(含第二部),必修,47
108,1,銘傳大學,應用英文(一),新媒體暨傳播管理學系,1,0,學士班(含第二部),必修,62
108,1,銘傳大學,應用英文(一),觀光事業學系,1,0,學士班(含第二部),必修,64
108,1,銘傳大學,應用英文(一),資訊傳播工程學系,1,0,學士班(含第二部),必修,60
108,1,銘傳大學,應用英文(一),廣告暨策略行銷學系,1,0,學士班(含第二部),必修,52
108,1,銘傳大學,應用英文(一),建築學系,1,0,學士班(含第二部),必修,58
108,1,銘傳大學,應用英文(一),經濟與金融學系,1,0,學士班(含第二部),必修,55
108,1,銘傳大學,經濟學(一),經濟與金融學系,1,3,學士班(含第二部),必修,39
108,1,銘傳大學,應用英文(一),商品設計學系,1,0,學士班(含第二部),必修,70
108,1,銘傳大學,應用英文(一),商品設計學系,1,0,學士班(含第二部),必修,57
108,1,亞洲大學,室內設計資訊塑模(BIM),室內設計學系,3,3,學士班(含第二部),選修,24
108,1,亞洲大學,生物產業分析,生物科技學系,2,2,學士班(含第二部),選修,29
108,1,亞洲大學,心理學實驗法(一),心理學系,2,3,學士班(含第二部),必修,65
108,1,亞洲大學,設計計畫與調查,視覺傳達設計學系(企業形象設計組),3,3,學士班(含第二部),必修,55
108,1,亞洲大學,基本設計(一),視覺傳達設計學系,1,3,學士班(含第二部),必修,27
108,1,東吳大學,語料庫輔助翻譯,英文學系,4,2,學士班(含第二部),選修,36
108,1,亞洲大學,膳食計畫,食品營養與保健生技學系(食品營養組),2,1,學士班(含第二部),選修,64
108,1,東吳大學,PYTHON基礎程式與經濟應用,經濟學系,1,2,學士班(含第二部),選修,138
108,1,東吳大學,日語語法(二),日本語文學系,2,2,學士班(含第二部),必修,26
108,1,長榮大學,觀光餐飲日語I,觀光與餐飲服務事業進修學士學位學程,2,1,進修學士班(原夜間部),選修,14
108,1,東吳大學,網路與科技法律總論,法律學系,2,2,學士班(含第二部),選修,193
108,1,長榮大學,生死學,通識教育中心,2,2,進修學士班(原夜間部),必修,50
108,1,長榮大學,管理學,觀光與餐飲服務事業進修學士學位學程,2,2,進修學士班(原夜間部),必修,14
108,1,國立臺北藝術大學,西洋音樂史Ⅰ,學士後跨藝合創音樂學士學位學程,1,1,學位學程,必修,27
108,1,國立嘉義大學,數位內容創新與應用(網路通識-物質科學與生活應用領域),通識教育(大學部),3,2,學士班(含第二部),必修,49
108,1,國立嘉義大學,性別、媒體與多元文化(網路通識-公民素養與社會關懷領域),通識教育(大學部),2,2,學士班(含第二部),必修,55
108,1,國立嘉義大學,數位攝影與影像處理(網路通識-物質科學與生活應用領域),通識教育(大學部),1,2,學士班(含第二部),必修,50
108,1,淡江大學,組織行為,企業管理學系(進學),2,3,進修學士班(原夜間部),必修,35
108,1,淡江大學,組織行為,企業管理學系(進學),2,3,進修學士班(原夜間部),必修,41
108,1,淡江大學,成本分析與管理,企業管理學系(進學),2,3,進修學士班(原夜間部),必修,58
108,1,淡江大學,網路規劃與實作,資訊管理學系(日),3,2,學士班(含第二部),選修,95
108,1,淡江大學,企業倫理,資訊管理學系(日),4,2,學士班(含第二部),必修,74
108,1,淡江大學,企業倫理,資訊管理學系(日),4,2,學士班(含第二部),必修,76
108,1,淡江大學,企業倫理,資訊管理學系(日),4,2,學士班(含第二部),必修,78
108,1,淡江大學,工程數學,資訊工程學系(日),2,3,學士班(含第二部),必修,79
108,1,淡江大學,資料結構與處理,資訊工程學系(日),2,3,學士班(含第二部),必修,75
108,1,淡江大學,管理學,資訊管理學系(日),1,3,學士班(含第二部),必修,70
108,1,國立臺灣大學,生物統計學一,藥學系,2,3,學士班(含第二部),必修,122
108,1,淡江大學,作業管理,管理科學學系(日),3,3,學士班(含第二部),必修,60
108,1,淡江大學,新興學習科技應用,中等學校教育學程,1,2,學分學程,選修,34
108,1,淡江大學,教育的社會學與行政視角,中等學校教育學程,1,2,學分學程,必修,20
108,1,淡江大學,教育的社會學與行政視角,中等學校教育學程,1,2,學分學程,必修,18
108,1,國立臺灣大學,分子生物與細胞學,基蛋所,0,2,學士班(含第二部),選修,14
108,1,淡江大學,資訊概論,國際企業學系,1,2,學士班(含第二部),必修,118
108,1,淡江大學,組織行為,公共行政學系(日),3,2,學士班(含第二部),必修,97
108,1,淡江大學,組織行為,公共行政學系(日),3,2,學士班(含第二部),必修,103
108,1,淡江大學,人力資源發展,公共行政學系(日),4,2,學士班(含第二部),選修,181
108,1,國立臺灣大學,衛生保健,醫衛共同課程,0,2,學士班(含第二部),選修,112
108,1,淡江大學,資訊概論,公共行政學系(日),1,2,學士班(含第二部),必修,132
108,1,淡江大學,比較政府,公共行政學系(日),2,3,學士班(含第二部),必修,67
108,1,淡江大學,資訊概論,產業經濟學系(日),1,2,學士班(含第二部),必修,128
108,1,淡江大學,年金保險,風險管理與保險學系(日),3,2,學士班(含第二部),必修,72
108,1,淡江大學,年金保險,風險管理與保險學系(日),3,2,學士班(含第二部),必修,37
108,1,大葉大學,為公司把把脈J1,共同教學中心,6,1,學士班(含第二部),選修,53
108,1,國立臺灣大學,生物統計學一,醫技系,3,3,學士班(含第二部),必修,122
108,1,國立臺灣大學,生物統計學一,護理系,1,3,學士班(含第二部),必修,122
108,1,義守大學,普通生物學,醫學影像暨放射科學系,1,2,學士班(含第二部),必修,65
108,1,義守大學,生理學(一),醫學影像暨放射科學系,2,2,學士班(含第二部),必修,74
108,1,國立臺灣大學,永續健康與環境,全球衛生學程,0,2,學士班(含第二部),選修,12
108,1,義守大學,科技事業經營策略,生物科技學系,3,3,學士班(含第二部),選修,53
108,1,國立政治大學,數位傳播與文化,廣播電視學系,0,2,學士班(含第二部),必選修,78
108,1,義守大學,智慧財產權管理與技術移轉鑑價,生物科技學系,3,2,學士班(含第二部),選修,38
108,1,慈濟大學,旅行:文學與影像,通識教育中心,1,2,學士班(含第二部),選修,81
108,1,義守大學,統計學(二),企業管理學系,2,3,學士班(含第二部),必修,53
108,1,世新大學,數位內容管理系統建置與應用,傳播管理學系,3,3,學士班(含第二部),選修,52
108,1,世新大學,數位內容管理系統建置與應用,傳播管理學系,3,3,學士班(含第二部),選修,55
108,1,慈濟大學,西洋藝術畫作欣賞,通識教育中心,1,1,學士班(含第二部),選修,68
108,1,慈濟大學,海洋之窗(一),通識教育中心,1,2,學士班(含第二部),選修,81
108,1,慈濟大學,書法 e動-文字的生命律動,通識教育中心,1,2,學士班(含第二部),選修,84
108,1,慈濟大學,王陽明帶你打土匪:明朝心學的智慧發展史,通識教育中心,1,2,學士班(含第二部),選修,81
108,1,世新大學,餐旅業規劃與投資,觀光學系,3,3,學士班(含第二部),必修,60
108,1,南華大學,旅遊實務專題,旅遊管理學系,0,3,學士班(含第二部),必修,29
108,1,臺北醫學大學,人工智慧及深度學習,跨領域學院學士班課程,1,3,學士班(含第二部),選修,40
108,1,臺北醫學大學,基礎細胞生物學,醫學院學士班共同整合課程,1,2,學士班(含第二部),選修,25
108,1,臺北醫學大學,食品安全與營養概論,營養學院學士班共同整合課程,1,0.5,學士班(含第二部),選修,14
108,1,中原大學,GE594A原住民文化與藝術,人文與教育學院,0,2,學士班(含第二部),選修,63
108,1,東海大學,自然:真菌的繽紛與應用,通識中心,1,1,學士班(含第二部),必修,37
108,1,中原大學,GE484B愛情關係管理,人文與教育學院,0,2,學士班(含第二部),選修,120
108,1,中原大學,GE484C愛情關係管理,人文與教育學院,0,2,學士班(含第二部),選修,130
108,1,中原大學,GQ392C台灣政治與民主,人文與教育學院,0,2,學士班(含第二部),必修,115
108,1,中原大學,GE035B弓與弦的午茶時光,人文與教育學院,0,0.5,學士班(含第二部),選修,29
108,1,中原大學,GE525A生命與醫療史,人文與教育學院,0,2,學士班(含第二部),選修,64
108,1,中原大學,GE525B生命與醫療史,人文與教育學院,0,2,學士班(含第二部),選修,63
108,1,中原大學,GE484A愛情關係管理,人文與教育學院,0,2,學士班(含第二部),選修,120
108,1,中原大學,GE484B愛情關係管理,人文與教育學院,0,2,學士班(含第二部),選修,120
108,1,中原大學,GE484C愛情關係管理,人文與教育學院,0,2,學士班(含第二部),選修,130
108,1,中原大學,CH207I工程數學(二),工學院,3,3,學士班(含第二部),必修,40
108,1,國立成功大學,線上補強英文,外國語言,,0,學士班(含第二部),選修,639
108,1,國立成功大學,研究所線上英文,外國語言,,0,學士班(含第二部),選修,68
108,1,國立成功大學,心血管生理病理學概論,通識中心,,2,學士班(含第二部),必修,78
108,1,國立成功大學,火,通識中心,,2,學士班(含第二部),必修,89
108,1,國立成功大學,批判思考:當代文學理論,通識中心,,2,學士班(含第二部),必修,46
108,1,國立成功大學,流行樂賞析與實務,通識中心,,2,學士班(含第二部),必修,99
108,1,國立成功大學,科學傳播概論,通識中心,,2,學士班(含第二部),必修,32
108,1,國立成功大學,工程師的職涯探索,通識中心,,1,學士班(含第二部),必修,19
108,1,國立成功大學,日常疼痛控制,通識中心,,2,學士班(含第二部),必修,143
108,1,中原大學,GQ392C台灣政治與民主,人文與教育學院,0,2,學士班(含第二部),必修,115
108,1,中原大學,GE509A品格與領導,人文與教育學院,0,2,學士班(含第二部),選修,30
108,1,東海大學,商事法總論及公司法,法律學系,0,3,學士班(含第二部),必修,57
108,1,東海大學,商事法總論及公司法,法律學系,0,3,學士班(含第二部),必修,50
108,1,中原大學,GE484A愛情關係管理,人文與教育學院,0,2,學士班(含第二部),選修,120
108,1,中原大學,GE035A弓與弦的午茶時光,人文與教育學院,0,0.5,學士班(含第二部),選修,31
108,1,中原大學,GQ392D台灣政治與民主,人文與教育學院,0,2,學士班(含第二部),必修,134
108,1,中原大學,GE586A多元文化概論,人文與教育學院,0,2,學士班(含第二部),選修,62
108,1,中原大學,GE586B多元文化概論,人文與教育學院,0,2,學士班(含第二部),選修,62
108,1,中原大學,GE484B愛情關係管理,人文與教育學院,0,2,學士班(含第二部),選修,120
108,1,中原大學,GE594A原住民文化與藝術,人文與教育學院,0,2,學士班(含第二部),選修,63
108,1,中原大學,GE484C愛情關係管理,人文與教育學院,0,2,學士班(含第二部),選修,130
108,1,中原大學,PH790A基礎應用數學(一),理學院,1,1,學士班(含第二部),必修,66
108,1,中原大學,CH207I工程數學(二),工學院,3,3,學士班(含第二部),必修,40
108,1,中原大學,CH171C化學工程概論,工學院,1,0,學士班(含第二部),必修,59
108,1,中原大學,CH242D質能均衡,工學院,2,3,學士班(含第二部),必修,26
108,1,中原大學,GE509A品格與領導,人文與教育學院,0,2,學士班(含第二部),選修,30
108,1,中原大學,GE484A愛情關係管理,人文與教育學院,0,2,學士班(含第二部),選修,120
108,1,中原大學,PS410L國際短期講座(五),理學院,4,1,學士班(含第二部),選修,33
108,1,中原大學,PH790A基礎應用數學(一),理學院,1,1,學士班(含第二部),必修,66
108,1,中原大學,GE509A品格與領導,人文與教育學院,0,2,學士班(含第二部),選修,30
108,1,高雄醫學大學,資料庫原理,醫務管理暨醫療資訊學系,2,3,學士班(含第二部),選修,61
108,1,中原大學,CH171B化學工程概論,工學院,1,0,學士班(含第二部),必修,53
108,1,中原大學,CH171C化學工程概論,工學院,1,0,學士班(含第二部),必修,59
108,1,中原大學,CH242D質能均衡,工學院,2,3,學士班(含第二部),必修,26
108,1,中原大學,CH171B化學工程概論,工學院,1,0,學士班(含第二部),必修,53
108,1,中原大學,GE035B弓與弦的午茶時光,人文與教育學院,0,0.5,學士班(含第二部),選修,29
108,1,中原大學,GE100A楚漢相爭之職場競爭力,人文與教育學院,0,2,學士班(含第二部),選修,45
108,1,中原大學,GE105A財務金融理論與應用,人文與教育學院,0,2,學士班(含第二部),選修,39
108,1,中原大學,CH171A化學工程概論,工學院,1,0,學士班(含第二部),必修,55
108,1,中原大學,PH790A基礎應用數學(一),理學院,1,1,學士班(含第二部),必修,66
108,1,元智大學,電磁學(二),電機工程學系學士班,3,3,學士班(含第二部),必選修,87
108,1,中國文化大學,研究方法,國際企業管理學系企業實務管理數位碩士在職專班,1,3,碩士班在職專班,選修,27
108,1,中國文化大學,國際企業管理,國際企業管理學系企業實務管理數位碩士在職專班,1,3,碩士班在職專班,必修,29
108,1,中國文化大學,決策理論與行為,國際企業管理學系企業實務管理數位碩士在職專班,1,2,碩士班在職專班,必修,21
108,1,中國文化大學,資訊科技與管理,國際企業管理學系企業實務管理數位碩士在職專班,1,2,碩士班在職專班,選修,15
108,1,中國文化大學,國際財務管理,國際企業管理學系企業實務管理數位碩士在職專班,2,3,碩士班在職專班,必修,23
108,1,中國文化大學,溝通與談判,國際企業管理學系企業實務管理數位碩士在職專班,2,3,碩士班在職專班,選修,11
108,1,國立宜蘭大學,互動式系統設計,多媒體網路通訊數位學習碩士在職專班,1,3,碩士班在職專班,選修,12
108,1,國立宜蘭大學,農業科技創新與產業分析,生物技術與動物科學系動物科學碩士班,1,2,碩士班,選修,6
108,1,國立中興大學,農業食品生技法規與實務,法律系,6,2,碩士班,選修,25
108,1,國立中興大學,智慧財產權管理與技術移轉鑑價,法律系,6,2,碩士班,選修,34
108,1,國立中興大學,科技事業經營策略,科管所,6,3,碩士班,選修,19
108,1,國立中興大學,公司治理法律專題,法律系,6,2,碩士班,選修,10
108,1,國立宜蘭大學,互動式系統設計,資訊工程學系碩士班,1,3,碩士班,選修,8
108,1,國立宜蘭大學,農生技產業法規實務,生物技術與動物科學系動物科學碩士班,1,2,碩士班,選修,5
108,1,國立臺東大學,高等資訊管理,資訊管理學系,1,3,碩士班在職專班,必修,21
108,1,亞洲大學,企業研究方法,休閒與遊憩管理學系,1,3,碩士班,必修,9
108,1,亞洲大學,投資分析與科技應用,財務金融學系,1,3,碩士班在職專班,必修,7
108,1,亞洲大學,企業研究方法,經營管理學系,1,3,碩士班,必修,27
108,1,亞洲大學,多媒體安全專題,行動商務與多媒體應用學系,1,3,碩士班,選修,8
108,1,亞洲大學,數位教學設計與實作,資訊工程學系,1,3,碩士班在職專班,選修,12
108,1,亞洲大學,數位學習,資訊工程學系,1,3,碩士班在職專班,選修,7
108,1,國立宜蘭大學,人工智慧搜尋法,多媒體網路通訊數位學習碩士在職專班,1,3,碩士班在職專班,選修,10
108,1,亞洲大學,社會工作倫理專題,社會工作學系,1,3,碩士班,選修,19
108,1,東吳大學,英美法概論,法律學系碩士在職專班法律專業組,1,2,碩士班在職專班,選修,12
108,1,東吳大學,物聯網感知技術與創新服務,資訊管理學系碩士在職專班,1,3,碩士班在職專班,選修,10
108,1,東吳大學,物聯網商務與智慧行銷,資訊管理學系碩士在職專班,1,3,碩士班在職專班,選修,15
108,1,東吳大學,應用經濟與R語言,經濟學系碩士在職專班,2,2,碩士班在職專班,選修,2
108,1,東吳大學,多變量分析,國際經營與貿易學系碩士班,1,3,碩士班,選修,25
108,1,國立中正大學,行動研究,教學專業發展數位學習碩士在職專班,1A,3,碩士班在職專班,必修,31
108,1,國立中正大學,財務報表分析研討,會計與法律數位學習碩士在職專班,1A,2,碩士班在職專班,選修,25
108,1,國立中正大學,網路程式設計,通訊工程研究所,1A,3,博士班,選修,18
108,1,國立中正大學,網路程式設計,雲端計算與物聯網數位學習碩士在職專班,1A,3,碩士班在職專班,選修,42
108,1,國立中正大學,射頻辨識系統與應用,雲端計算與物聯網數位學習碩士在職專班,1A,3,碩士班在職專班,選修,45
108,1,國立中正大學,雲端學習科技,資訊工程研究所,1A,3,博士班,選修,50
108,1,國立中正大學,數位教材設計,教學專業發展數位學習碩士在職專班,1A,3,碩士班在職專班,選修,27
108,1,國立中正大學,樂齡人生設計,成人及繼續教育研究所,1A,2,博士班,選修,15
108,1,國立中正大學,行政法專題研究(含行政救濟),會計與法律數位學習碩士在職專班,1A,3,碩士班在職專班,必修,24
108,1,國立中正大學,多媒體學習的理論與研究,教學專業發展數位學習碩士在職專班,1A,3,碩士班在職專班,選修,31
108,1,國立中正大學,學校與社區教育,教學專業發展數位學習碩士在職專班,1A,3,碩士班在職專班,選修,27
108,1,國立中正大學,終生學習與學習社會,教學專業發展數位學習碩士在職專班,1A,3,碩士班在職專班,選修,31
108,1,國立中正大學,審計學,會計與法律數位學習碩士在職專班,1A,3,碩士班在職專班,必修,8
108,1,國立中正大學,大數據分析概論,光機電整合工程研究所,1A,3,博士班,選修,18
108,1,國立中正大學,質性研究,教學專業發展數位學習碩士在職專班,1A,3,碩士班在職專班,必修,27
108,1,國立中正大學,射頻辨識系統與應用,資訊工程研究所,1A,3,博士班,選修,15
108,1,國立中正大學,軟體分析與最佳化,資訊工程研究所,1A,3,博士班,選修,26
108,1,國立中正大學,國際會計準則專題研討,會計與法律數位學習碩士在職專班,1A,3,碩士班在職專班,必修,32
108,1,國立中正大學,會計資訊系統研討,會計與資訊科技研究所,1A,2,碩士班在職專班,必修,25
108,1,國立中正大學,企業價值評估專題研討,會計與資訊科技研究所,1A,2,碩士班在職專班,選修,8
108,1,國立中正大學,財務會計(一),會計與法律數位學習碩士在職專班,1A,3,碩士班在職專班,必修,11
108,1,國立彰化師範大學,高等計算機結構,資訊工程學系,1,3,碩士班,選修,8
108,1,國立彰化師範大學,數位通訊,電信工程學研究所,1,3,碩士班,選修,3
108,1,國立彰化師範大學,網路安全,資訊工程學系,1,3,碩士班,選修,7
108,1,國立彰化師範大學,資料探勘,資訊工程學系,1,3,碩士班,選修,16
108,1,國立中央大學,地震減災通論,土木工程學系,0,2,博士班,選修,6
108,1,國立中央大學,地震減災通論,國際永續發展碩士學位學程,0,2,碩士班,選修,4
108,1,國立臺灣大學,粒子物理統計分析專題,物理所,0,2,博士班,選修,10
108,1,淡江大學,研究方法,數位出版與典藏數位學習碩士在職專班,1,3,碩士班在職專班,必修,3
108,1,淡江大學,數位出版標準與Metadata,數位出版與典藏數位學習碩士在職專班,1,3,碩士班在職專班,選修,3
108,1,淡江大學,數位出版產業專題,數位出版與典藏數位學習碩士在職專班,1,3,碩士班在職專班,選修,7
108,1,淡江大學,數位資訊保存研究,數位出版與典藏數位學習碩士在職專班,2,3,碩士班在職專班,必修,4
108,1,淡江大學,人機互動,數位出版與典藏數位學習碩士在職專班,2,3,碩士班在職專班,選修,4
108,1,淡江大學,數位典藏加值應用,數位出版與典藏數位學習碩士在職專班,2,3,碩士班在職專班,選修,4
108,1,淡江大學,企業倫理,商管學院共同科目(碩),0,1,碩士班,必修,76
108,1,淡江大學,邊界運算,資訊工程學系碩士班,1,3,碩士班,選修,11
108,1,淡江大學,智慧金融大數據分析,數位商務與經濟碩士學位學程,2,3,碩士班,選修,6
108,1,淡江大學,台灣與周邊國家關係,拉丁美洲研究所亞太研究數位學習碩士在職專班,1,2,碩士班在職專班,選修,8
108,1,淡江大學,我國近代史,拉丁美洲研究所亞太研究數位學習碩士在職專班,1,2,碩士班在職專班,選修,8
108,1,淡江大學,亞洲多元文化,拉丁美洲研究所亞太研究數位學習碩士在職專班,1,2,碩士班在職專班,選修,8
108,1,淡江大學,東南亞與南亞的區域爭端,拉丁美洲研究所亞太研究數位學習碩士在職專班,2,2,碩士班在職專班,選修,9
108,1,淡江大學,東南亞國家政府與政治,拉丁美洲研究所亞太研究數位學習碩士在職專班,2,2,碩士班在職專班,選修,10
108,1,淡江大學,東南亞區域經濟發展,拉丁美洲研究所亞太研究數位學習碩士在職專班,2,2,碩士班在職專班,選修,9
108,1,國立臺灣大學,全球生物醫學觀點,國際學程,0,3,碩士班,選修,13
108,1,國立臺灣大學,粒子物理統計分析專題,臺大遠距教學,0,2,博士班,選修,10
108,1,國立臺灣大學,全球生物醫學觀點,臺大遠距教學,0,3,碩士班,選修,13
108,1,國立臺灣大學,全球生物醫學觀點,生技學程,0,3,碩士班,選修,13
108,1,國立政治大學,民事實務專題研究(一),法律學系,1,2,碩士班,必選修,11
108,1,國立政治大學,圖書館管理,圖書資訊與檔案學研究所圖書資訊學數位碩士在職專班,2,3,碩士班在職專班,選修,23
108,1,國立政治大學,資訊科技融入教學,圖書資訊與檔案學研究所圖書資訊學數位碩士在職專班,1,2,碩士班在職專班,選修,18
108,1,國立政治大學,圖書資訊學研討,圖書資訊與檔案學研究所圖書資訊學數位碩士在職專班,1,3,碩士班在職專班,必修,19
108,1,國立政治大學,知識組織與資訊取用,圖書資訊與檔案學研究所圖書資訊學數位碩士在職專班,1,3,碩士班在職專班,必修,18
108,1,國立政治大學,數位學習與資料探勘,圖書資訊與檔案學研究所圖書資訊學數位碩士在職專班,2,3,碩士班在職專班,選修,23
108,1,國立政治大學,數位學術應用,圖書資訊與檔案學研究所圖書資訊學數位碩士在職專班,2,3,碩士班在職專班,選修,22
108,1,國立政治大學,數位圖書館與數位閱讀,圖書資訊與檔案學研究所圖書資訊學數位碩士在職專班,2,3,碩士班在職專班,選修,23
108,1,義守大學,專題研討(一),電機工程學系,1,2,博士班,必修,3
108,1,義守大學,專題研討(三),電機工程學系,2,2,博士班,必修,5
108,1,輔仁大學,巨量營養素(I)-網,營養科學系碩士班,1,2,碩士班,必修,12
108,1,臺北醫學大學,人工智慧應用於健康領域:機會與挑戰,醫學資訊研究所碩士班,1,0.5,碩士班,選修,15
108,1,臺北醫學大學,科技醫療與癌症,醫學資訊研究所碩士班,1,0.5,碩士班,選修,8
108,1,臺北醫學大學,健康資訊系統與國際醫療實務,醫學資訊研究所博士班,2,2,博士班,選修,6
108,1,臺北醫學大學,生物醫藥與分子腫瘤學,癌症生物學與藥物研發研究所碩士班,2,2,碩士班,必修,7
108,1,臺北醫學大學,細胞與分子生物學,癌症生物學與藥物研發研究所碩士班,1,2,碩士班,必修,4
108,1,臺北醫學大學,研究設計,國際醫學研究博士學位學程,1,2,博士班,必修,20
108,1,臺北醫學大學,免疫學特論,國際醫學研究博士學位學程,1,2,博士班,選修,10
108,1,臺北醫學大學,實驗原理與方法,醫學科學研究所碩士班,1,2,碩士班,必修,43
108,1,臺北醫學大學,醫學研究特論,醫學科學研究所博士班,1,2,博士班,必修,11
108,1,臺北醫學大學,基礎醫學研究設計,醫學科學研究所博士班,1,2,博士班,必修,11
108,1,東海大學,巨量資料工具導論,資訊管理學系,0,3,碩士班,選修,53
108,1,中原大學,BT514R高等細胞學,理學院,1,2,碩士班,選修,11
108,1,中原大學,MA701r書報討論,理學院,1,0,碩士班在職專班,必修,9
108,1,中原大學,MA703r複變函數,理學院,1,3,碩士班在職專班,選修,9
108,1,中原大學,CH414R半導體製程技術,工學院,1,3,碩士班,選修,47
108,1,中原大學,CH430R製藥工程概論,工學院,1,3,碩士班,選修,29
108,1,中原大學,CH681R高等化工熱力學,工學院,1,3,碩士班,選修,57
108,1,中原大學,GE484R愛情關係管理,人文與教育學院,0,2,碩士班,選修,10
108,1,中原大學,GE484S愛情關係管理,人文與教育學院,0,2,碩士班,選修,9
108,1,中原大學,GE509R品格與領導,人文與教育學院,0,2,碩士班,選修,2
108,1,中原大學,CY376r有機化學特論,理學院,1,3,碩士班在職專班,選修,5
108,1,中原大學,GE509R品格與領導,人文與教育學院,0,2,碩士班,選修,2
108,1,中原大學,GE034R音樂時光隧道,人文與教育學院,0,0.5,碩士班,選修,2
108,1,中原大學,PS410R國際短期講座(五),理學院,1,1,碩士班,選修,1
108,1,中原大學,GE033R研究生生涯探索,人文與教育學院,0,2,碩士班,選修,61
108,1,中原大學,GE034R音樂時光隧道,人文與教育學院,0,0.5,碩士班,選修,2
108,1,中原大學,GE035R弓與弦的午茶時光,人文與教育學院,0,0.5,碩士班,選修,1
108,1,中原大學,MA701r書報討論,理學院,1,0,碩士班在職專班,必修,9
108,1,中原大學,MA703r複變函數,理學院,1,3,碩士班在職專班,選修,9
108,1,中原大學,GE035R弓與弦的午茶時光,人文與教育學院,0,0.5,碩士班,選修,1
108,1,中原大學,GE034R音樂時光隧道,人文與教育學院,0,0.5,碩士班,選修,2
108,1,中原大學,BT514R高等細胞學,理學院,1,2,碩士班,選修,11
108,1,中原大學,GE033R研究生生涯探索,人文與教育學院,0,2,碩士班,選修,61
108,1,中原大學,CY376r有機化學特論,理學院,1,3,碩士班在職專班,選修,5
108,1,中原大學,CH414R半導體製程技術,工學院,1,3,碩士班,選修,47
108,1,中原大學,CH681R高等化工熱力學,工學院,1,3,碩士班,選修,57
108,1,中原大學,BT514R高等細胞學,理學院,1,2,碩士班,選修,11
108,1,中原大學,CY376r有機化學特論,理學院,1,3,碩士班在職專班,選修,5
108,1,高雄醫學大學,轉譯醫學(B),轉譯醫學博士學位學程,1,3,博士班,選修,3
108,1,中原大學,CH430R製藥工程概論,工學院,1,3,碩士班,選修,29
108,1,中原大學,GE484R愛情關係管理,人文與教育學院,0,2,碩士班,選修,10
108,1,中原大學,GE484S愛情關係管理,人文與教育學院,0,2,碩士班,選修,9
108,1,中原大學,GE033R研究生生涯探索,人文與教育學院,0,2,碩士班,選修,61
108,1,中原大學,CH681R高等化工熱力學,工學院,1,3,碩士班,選修,57
108,1,中原大學,MA701r書報討論,理學院,1,0,碩士班在職專班,必修,9
108,1,中原大學,MA703r複變函數,理學院,1,3,碩士班在職專班,選修,9
108,1,中原大學,GE035R弓與弦的午茶時光,人文與教育學院,0,0.5,碩士班,選修,1
108,1,逢甲大學,智慧科技,商學院,0,4,碩士班,選修,44
108,1,國立清華大學,計算神經科學,系統神經科學研究所,,2,碩士班,選修,9
108,1,國立中興大學,生醫檢測,醫工所,6,2,碩士班,選修,14
108,1,國立中興大學,生技醫材設計與開發,醫工所,6,3,碩士班,選修,7
108,1,國立中興大學,生醫奈米製程,醫工所,6,2,碩士班,選修,20
108,1,國立中興大學,醫材開發,醫工所,6,2,碩士班,選修,20
108,1,國立中興大學,微創醫材,醫工所,6,2,碩士班,選修,15
108,1,國立中興大學,精密工具機技術專論,機械系,6,3,碩士班,選修,47
108,1,國立宜蘭大學,機器學習與深度學習應用,多媒體網路通訊數位學習碩士在職專班,1,3,碩士班在職專班,選修,27
108,1,國立宜蘭大學,雲端運算與行動計算,多媒體網路通訊數位學習碩士在職專班,1,3,碩士班在職專班,選修,29
108,1,國立宜蘭大學,計算機圖學,多媒體網路通訊數位學習碩士在職專班,1,3,碩士班在職專班,選修,24
108,1,國立宜蘭大學,新世代網際網路(IPv6)整合技術,多媒體網路通訊數位學習碩士在職專班,1,3,碩士班在職專班,選修,16
108,1,亞洲大學,服務設計,創意商品設計學系,2,3,碩士班,選修,10
108,1,亞洲大學,當代設計思潮研究,創意商品設計學系,1,3,碩士班,選修,11
108,1,亞洲大學,統計套裝軟體之應用,護理學系,1,2,碩士班,選修,11
108,1,國立中正大學,公司法專題研討,會計與法律數位學習碩士在職專班,1A,3,碩士班在職專班,必修,28
108,1,國立中正大學,超頻譜影像工程學,光機電整合工程研究所,1A,3,碩士班,選修,25
108,1,國立嘉義大學,情感設計研究,數位學習設計與管理學系碩士班,2,3,碩士班,必修,8
108,1,淡江大學,人力資源管理,管理科學學系企業經營碩士在職專班,2,3,碩士班在職專班,選修,11
108,1,淡江大學,全球化課程與教學專題,課程與教學研究所碩士班,1,3,碩士班,選修,16
108,1,淡江大學,教育傳播與科技,教育科技學系數位學習碩士在職專班,1,3,碩士班在職專班,必修,23
108,1,淡江大學,學習心理學,教育科技學系數位學習碩士在職專班,1,3,碩士班在職專班,必修,21
108,1,淡江大學,網頁教材設計與實作,教育科技學系數位學習碩士在職專班,1,3,碩士班在職專班,選修,22
108,1,淡江大學,遠距教育,教育科技學系數位學習碩士在職專班,2,3,碩士班在職專班,選修,23
108,1,淡江大學,質化研究,教育科技學系數位學習碩士在職專班,2,3,碩士班在職專班,選修,21
108,1,國立臺灣大學,全球生物醫學觀點,基蛋所,0,3,碩士班,選修,13
108,1,臺北醫學大學,生技製藥轉譯特論,藥學院,1,2,碩士班,必修,72
108,1,臺北醫學大學,生技製藥轉譯特論,藥學院,1,2,碩士班在職專班,必修,72
108,1,臺北醫學大學,生技製藥轉譯特論,藥學院,1,2,博士班,必修,72
108,1,臺北醫學大學,Python程式設計實務,智慧數據應用產業碩士專班,1,2,碩士班在職專班,必修,7
108,1,臺北醫學大學,營養流行病學,保健營養學系碩士在職專班,1,2,碩士班在職專班,選修,10
108,1,臺北醫學大學,營養教育與教學計畫,保健營養學系碩士在職專班,1,2,碩士班在職專班,選修,13
108,1,臺北醫學大學,醫療決策支援系統,醫學院人工智慧醫療碩士在職專班,1,2,碩士班在職專班,必修,18
108,1,臺北醫學大學,人工智慧醫學影像處理,醫學院人工智慧醫療碩士在職專班,1,3,碩士班在職專班,選修,16
108,1,臺北醫學大學,研究倫理,研究所共同課程,1,0,碩士班,必修,100
108,1,臺北醫學大學,研究倫理,研究所共同課程,1,0,碩士班,必修,105
108,1,臺北醫學大學,細胞生物學,醫學院,1,3,碩士班,選修,66
108,1,臺北醫學大學,細胞生物學,醫學院,1,3,博士班,選修,16
108,1,臺北醫學大學,細胞生物學,醫學院,1,3,碩士班,選修,66
108,1,臺北醫學大學,細胞生物學,醫學院,1,3,博士班,選修,16
108,1,中原大學,PS410R國際短期講座(五),理學院,1,1,碩士班,選修,1
108,1,中原大學,GE484R愛情關係管理,人文與教育學院,0,2,碩士班,選修,10
108,1,中原大學,GE484S愛情關係管理,人文與教育學院,0,2,碩士班,選修,9
108,1,中原大學,CH414R半導體製程技術,工學院,1,3,碩士班,選修,47
108,1,國立成功大學,流行病學及研究設計導論,老年學研究所,,2,碩士班,必修,12
108,1,高雄醫學大學,Python程式設計與機器學習應用,醫學影像暨放射科學系碩士班,1,3,碩士班,選修,8
108,1,高雄醫學大學,超頻譜影像工程學,醫學影像暨放射科學系碩士班,1,3,碩士班,選修,5
108,1,中原大學,GE509R品格與領導,人文與教育學院,0,2,碩士班,選修,2
108,1,中原大學,CH430R製藥工程概論,工學院,1,3,碩士班,選修,29
108,1,元智大學,可靠度工程,工業工程與管理學系碩士班,1,3,碩士班,選修,10
108,1,中原大學,PS410R國際短期講座(五),理學院,1,1,碩士班,選修,1
108,1,元智大學,工程管理系統,工業工程與管理學系碩士班,1,3,碩士班,選修,10
108,1,國立臺灣師範大學,教育統計學,工業教育學系,1,2,碩士班在職專班,必修,8
108,1,國立臺灣師範大學,組織行為研究,工業教育學系,1,3,碩士班在職專班,選修,9
108,1,國立臺灣師範大學,技職校院經營管理研究,工業教育學系,1,3,碩士班在職專班,選修,8
108,1,國立臺灣師範大學,資訊檢索研究,圖書資訊學研究所,,3,碩士班在職專班,選修,11
108,1,國立臺灣師範大學,資訊檢索研究,圖書資訊學研究所,,3,碩士班在職專班,選修,17
108,1,國立臺灣師範大學,社會科學研究法,圖書資訊學研究所,,3,碩士班在職專班,必修,22
108,1,國立臺灣師範大學,人資互動研究,圖書資訊學研究所,,3,碩士班在職專班,選修,11
108,1,國立臺灣師範大學,人資互動研究,圖書資訊學研究所,,3,碩士班在職專班,選修,18
108,1,國立臺灣師範大學,漢語語言學專題,華語文教學系,,3,碩士班在職專班,選修,26
108,1,國立臺灣師範大學,華語測驗與評量,華語文教學系,,3,碩士班在職專班,選修,24
108,1,國立臺灣師範大學,語言與認知,華語文教學系,,3,碩士班在職專班,選修,26
108,1,國立臺灣師範大學,華人社會與文化,華語文教學系,,3,碩士班在職專班,選修,19
108,1,國立臺灣師範大學,華語文教學專題,華語文教學系,,3,碩士班在職專班,必修,35
108,2,國立臺灣大學,衛生保健,醫衛共同課程,0,2,學士班(含第二部),選修,107
108,2,國立臺灣大學,生物分子交互作用之網絡,基蛋所,0,2,學士班(含第二部),選修,22
108,2,國立臺灣大學,計算機程式設計,電機系,0,3,學士班(含第二部),選修,68
108,2,國立臺灣大學,生物分子交互作用之網絡,國際學程,0,2,學士班(含第二部),必修,22
108,2,國立中正大學,土壤力學,地球與環境科學系,2A,3,學士班(含第二部),選修,9
108,2,國立臺灣大學,生物分子交互作用之網絡,幹細胞學程,0,2,學士班(含第二部),選修,22
108,2,國立中興大學,作物與土壤,土環系,2,3,學士班(含第二部),選修,90
108,2,國立臺灣大學,讀中生智:英文批判閱讀,寫作教學中心,1,3,學士班(含第二部),選修,51
108,2,國立臺灣大學,讀中生智:英文批判閱讀,寫作教學中心,1,3,學士班(含第二部),選修,46
108,2,國立臺灣大學,讀中生智:英文批判閱讀,寫作教學中心,1,3,學士班(含第二部),選修,50
108,2,國立臺灣大學,讀中生智:英文批判閱讀,寫作教學中心,1,3,學士班(含第二部),選修,54
108,2,國立臺灣大學,讀中生智:英文批判閱讀,寫作教學中心,1,3,學士班(含第二部),選修,54
108,2,國立臺灣大學,讀中生智:英文批判閱讀,寫作教學中心,1,3,學士班(含第二部),選修,62
108,2,國立臺灣大學,生物分子交互作用之網絡,生技學程,0,2,學士班(含第二部),選修,22
108,2,國立臺灣大學,前瞻生命科學論壇,生技學程,0,2,學士班(含第二部),選修,2
108,2,國立臺灣大學,衛生保健,臺大遠距教學,0,2,學士班(含第二部),選修,107
108,2,國立臺灣大學,生物分子交互作用之網絡,臺大遠距教學,0,2,學士班(含第二部),選修,22
108,2,國立臺灣大學,前瞻生命科學論壇,臺大遠距教學,0,2,學士班(含第二部),選修,2
108,2,國立臺灣大學,讀中生智:英文批判閱讀,臺大遠距教學,0,3,學士班(含第二部),選修,54
108,2,國立臺灣大學,讀中生智:英文批判閱讀,臺大遠距教學,0,3,學士班(含第二部),選修,54
108,2,國立臺灣大學,讀中生智:英文批判閱讀,臺大遠距教學,0,3,學士班(含第二部),選修,62
108,2,國立臺灣大學,讀中生智:英文批判閱讀,臺大遠距教學,0,3,學士班(含第二部),選修,51
108,2,國立臺灣大學,讀中生智:英文批判閱讀,臺大遠距教學,0,3,學士班(含第二部),選修,46
108,2,國立臺灣大學,讀中生智:英文批判閱讀,臺大遠距教學,0,3,學士班(含第二部),選修,50
108,2,國立清華大學,共善的社會設計,通識教育中心,,2,學士班(含第二部),必選修,55
108,2,國立清華大學,資料結構導論,資工系,,2,學士班(含第二部),必選修,28
108,2,國立清華大學,Python語言程式入門,資工系,,3,學士班(含第二部),必選修,120
108,2,國立清華大學,財務決策分析,計財系,,2,學士班(含第二部),必選修,73
108,2,國立清華大學,生態體系與全球變遷,通識教育中心,,2,學士班(含第二部),必修,115
108,2,中國文化大學,自然通識︰物理學與創意思考,通識,1,2,學士班(含第二部),必修,74
108,2,中國文化大學,人文通識︰圖像中的藝術與文化,通識,2,2,學士班(含第二部),必修,63
108,2,國立屏東大學,貿易資訊系統,國際貿易學系,,2,學士班(含第二部),必修,66
108,2,國立屏東大學,資訊倫理,資訊管理學系,,2,進修學士班(原夜間部),必修,36
108,2,國立屏東大學,財務報告分析,企業管理學系,,2,進修學士班(原夜間部),必修,21
108,2,東吳大學,金融科技與創新應用,財務工程與精算數學系,4,3,學士班(含第二部),選修,24
108,2,國立臺灣海洋大學,卓越大師講座(民主),共同教育中心博雅教育組,1,2,學士班(含第二部),必修,122
108,2,東吳大學,材料鑑定方法,化學系,4,2,學士班(含第二部),選修,34
108,2,東吳大學,語料庫輔助翻譯,英文學系,4,2,學士班(含第二部),選修,55
108,2,東吳大學,作業研究,企業管理學系,2,3,學士班(含第二部),必修,26
108,2,東吳大學,論文選讀與報告,微生物學系,3,2,學士班(含第二部),必修,54
108,2,東吳大學,PHP程式設計應用實務,通識教育中心,0,2,學士班(含第二部),選修,56
108,2,東吳大學,大數據計量經濟學,經濟學系,3,3,學士班(含第二部),選修,74
108,2,東吳大學,網路與科技法律各論,法律學系,2,2,學士班(含第二部),選修,90
108,2,東吳大學,EXCEL VBA實用案例分析,經濟學系,2,2,學士班(含第二部),選修,64
108,2,東吳大學,R基礎程式與經濟應用,經濟學系,1,2,學士班(含第二部),選修,88
108,2,東吳大學,社會心理學,心理學系,2,3,學士班(含第二部),必修,90
108,2,東吳大學,生物技術、法律與倫理,通識教育中心,0,2,學士班(含第二部),必修,104
108,2,東吳大學,當代精英的責任與關懷,通識教育中心,0,2,學士班(含第二部),必修,58
108,2,東吳大學,中國傳統啟蒙經典教材,通識教育中心,0,2,學士班(含第二部),必修,66
108,2,東吳大學,物理研究與產業趨勢,物理學系,3,2,學士班(含第二部),選修,36
108,2,東吳大學,教育心理學,師資培育中心,0,2,學分學程,選修,33
108,2,東吳大學,教育哲學,師資培育中心,0,2,學分學程,選修,31
108,2,東吳大學,青少年輔導,師資培育中心,0,2,學分學程,選修,34
108,2,東吳大學,科技、學習與教學,師資培育中心,0,2,學分學程,選修,33
108,2,東吳大學,巨量資料與金融科技實務,金融科技學程,0,2,學分學程,選修,22
108,2,東吳大學,非營利組織的社會資源與財務,非營利組織管理學程,0,3,學分學程,必修,6
108,2,東吳大學,簡報美學,通識教育中心,0,2,學士班(含第二部),必修,77
108,2,東吳大學,日語語法(二),日本語文學系,2,2,學士班(含第二部),必修,51
108,2,東吳大學,日語語法(二),日本語文學系,2,2,學士班(含第二部),必修,36
108,2,東吳大學,試算表進階技巧與程式化實務,通識教育中心,0,2,學士班(含第二部),選修,200
108,2,東吳大學,用程式邏輯解決生活大小事,通識教育中心,0,2,學士班(含第二部),選修,206
108,2,東吳大學,社會工作行銷,社會工作學系,4,3,學士班(含第二部),選修,73
108,2,東吳大學,國際財務管理,國際經營與貿易學系,4,3,學士班(含第二部),必修,49
108,2,東吳大學,程式與資料結構,通識教育中心,0,1,學士班(含第二部),選修,220
108,2,國立中央大學,衛星電機系統設計,大氣科學系,0,3,學士班(含第二部),選修,22
108,2,長榮大學,資料探勘,資訊管理學系,3,3,學士班(含第二部),選修,12
108,2,長榮大學,音樂欣賞,保健營養學系,1,2,學士班(含第二部),必修,113
108,2,長榮大學,管理學,管理進修學士學位學程,1,3,進修學士班(原夜間部),必修,22
108,2,長榮大學,長榮精神,航運管理學系,1,2,學士班(含第二部),必修,130
108,2,長榮大學,大眾傳播與社會,大眾傳播學系,1,2,學士班(含第二部),選修,42
108,2,長榮大學,廣播電視原理,大眾傳播學系,1,3,學士班(含第二部),必修,115
108,2,長榮大學,媒體素養,大眾傳播學系,1,3,學士班(含第二部),選修,113
108,2,長榮大學,長榮精神,應用日語學系,1,2,學士班(含第二部),必修,123
108,2,長榮大學,音樂欣賞,大眾傳播學系,1,2,學士班(含第二部),必修,118
108,2,長榮大學,長榮精神,資訊暨設計學院學士班,1,2,學士班(含第二部),必修,129
108,2,長榮大學,心理與生活,通識教育中心,2,2,進修學士班(原夜間部),必修,104
108,2,長榮大學,理財與生活,通識教育中心,2,2,進修學士班(原夜間部),必修,34
108,2,長榮大學,會計學Ⅱ,財務金融學系,1,3,學士班(含第二部),必修,109
108,2,長榮大學,長榮精神,航運管理學系,1,2,學士班(含第二部),必修,114
108,2,長榮大學,生理學,護理學系,1,3,學士班(含第二部),必修,123
108,2,長榮大學,心理與生活,通識教育中心,2,2,學士班(含第二部),必修,105
108,2,長榮大學,音樂欣賞,社會工作學系,1,2,學士班(含第二部),必修,107
108,2,長榮大學,藝文賞析,通識教育中心,2,2,學士班(含第二部),必修,105
108,2,長榮大學,藝文賞析,通識教育中心,2,2,學士班(含第二部),必修,105
108,2,長榮大學,神、神話與生活,通識教育中心,2,2,學士班(含第二部),必修,119
108,2,長榮大學,音樂欣賞,職業安全與衛生學系,1,2,學士班(含第二部),必修,106
108,2,長榮大學,長榮精神,職業安全與衛生學系,1,2,學士班(含第二部),必修,114
108,2,長榮大學,體驗學習,職業安全與衛生學系,1,1,學士班(含第二部),必修,106
108,2,長榮大學,經濟學,觀光與餐飲管理學系,1,3,學士班(含第二部),必修,122
108,2,長榮大學,觀光餐飲行銷管理,觀光與餐飲管理學系,1,2,學士班(含第二部),必修,117
108,2,逢甲大學,程式設計(II),綜合班,0,2,學士班(含第二部),必修,5
108,2,長榮大學,統計學Ⅱ,職業安全與衛生學系,1,2,學士班(含第二部),必修,138
108,2,長榮大學,生活與安全,通識教育中心,2,2,學士班(含第二部),必修,118
108,2,長榮大學,工業安全衛生管理實務,職業安全與衛生學系,3,2,學士班(含第二部),必修,100
108,2,國立嘉義大學,生活與園藝(網路通識-生命探索與環境關懷領域),通識教育(大學部),1,2,學士班(含第二部),必修,50
108,2,國立彰化師範大學,教育心理學,師資培育中心,0,2,學士班(含第二部),必修,65
108,2,國立彰化師範大學,數位邏輯,工學院,1,3,學士班(含第二部),必修,49
108,2,國立嘉義大學,前瞻資訊科技(網路通識-物質科學與生活應用領域),通識教育(大學部),1,2,學士班(含第二部),必修,49
108,2,國立嘉義大學,前瞻資訊科技(網路通識-物質科學與生活應用領域),通識教育(大學部),2,2,學士班(含第二部),必修,55
108,2,國立嘉義大學,前瞻資訊科技(網路通識-物質科學與生活應用領域),通識教育(大學部),2,2,學士班(含第二部),必修,62
108,2,國立嘉義大學,前瞻資訊科技(網路通識-物質科學與生活應用領域),通識教育(大學部),3,2,學士班(含第二部),必修,53
108,2,國立嘉義大學,基礎程式設計,通識教育(大學部),2,2,學士班(含第二部),選修,52
108,2,國立嘉義大學,性別、媒體與多元文化(網路通識-公民素養與社會關懷領域),通識教育(大學部),2,2,學士班(含第二部),必修,55
108,2,國立嘉義大學,數位內容創新與應用(網路通識-物質科學與生活應用領域),通識教育(大學部),1,2,學士班(含第二部),必修,50
108,2,國立嘉義大學,性別、媒體與多元文化(網路通識-公民素養與社會關懷領域),通識教育(大學部),3,2,學士班(含第二部),必修,56
108,2,國立嘉義大學,數位攝影與影像處理(網路通識-物質科學與生活應用領域),通識教育(大學部),2,2,學士班(含第二部),必修,50
108,2,國立嘉義大學,書藝與生活(網路通識-歷史文化與藝文涵養領域),通識教育(大學部),2,2,學士班(含第二部),必修,45
108,2,國立彰化師範大學,人機介面,工業教育與技術學系,2,3,學士班(含第二部),選修,20
108,2,國立彰化師範大學,機電整合製造技術,工業教育與技術學系,3,3,學士班(含第二部),必修,20
108,2,國立彰化師範大學,工業管理,工業教育與技術學系,3,3,學士班(含第二部),必修,38
108,2,世新大學,傳播政策與法規,傳播管理學系,3,3,學士班(含第二部),選修,49
108,2,國立彰化師範大學,財務管理,會計學系,2,3,學士班(含第二部),必修,43
108,2,國立嘉義大學,基礎程式設計,通識教育(大學部),2,2,學士班(含第二部),選修,38
108,2,國立彰化師範大學,模具設計與製造技術,工業教育與技術學系,2,3,學士班(含第二部),必修,22
108,2,國立彰化師範大學,模具設計與製造技術,工業教育與技術學系,2,3,學士班(含第二部),必修,21
108,2,國立彰化師範大學,科技倫理與社會,通識教育中心,0,2,學士班(含第二部),必修,93
108,2,國立彰化師範大學,中國文學史(二),國文學系,2,3,學士班(含第二部),必修,56
108,2,國立彰化師範大學,網路安全,資訊工程學系,3,3,學士班(含第二部),選修,47
108,2,國立彰化師範大學,高等計算機結構,資訊工程學系,2,3,學士班(含第二部),選修,12
108,2,國立彰化師範大學,線性代數,電子工程學系,1,3,學士班(含第二部),選修,41
108,2,國立政治大學,多媒體與程式設計軟體,資訊管理學系,0,3,學士班(含第二部),選修,61
108,2,國立政治大學,資料分析與程式設計入門,資訊管理學系,0,3,學士班(含第二部),選修,80
108,2,國立政治大學,資料分析與程式設計入門,資訊管理學系,0,3,學士班(含第二部),選修,71
108,2,國立政治大學,資料分析與程式設計入門,資訊管理學系,0,3,學士班(含第二部),選修,80
108,2,真理大學,美國文學: 1865年以後,英美語文學系,4,2,學士班(含第二部),選修,79
108,2,真理大學,語意學,英美語文學系,3,2,學士班(含第二部),選修,70
108,2,真理大學,企業資源規劃,觀光數位知識學系,3,2,學士班(含第二部),選修,25
108,2,真理大學,專案管理,觀光數位知識學系,4,2,學士班(含第二部),選修,41
108,2,世新大學,傳播政策與法規,傳播管理學系,3,3,學士班(含第二部),選修,60
108,2,真理大學,科技與經濟發展,通識教育中心,1,2,學士班(含第二部),選修,29
108,2,世新大學,數位內容管理系統建置與應用,傳播管理學系,3,3,學士班(含第二部),選修,41
108,2,世新大學,數位內容管理系統建置與應用,傳播管理學系,3,3,學士班(含第二部),選修,69
108,2,世新大學,網路媒體平台建置與管理,傳播管理學系,2,3,學士班(含第二部),選修,137
108,2,馬偕醫學院,全球化議題與科技,全人教育中心,1,2,學士班(含第二部),必選修,25
108,2,馬偕醫學院,創意思考與創新,全人教育中心,1,2,學士班(含第二部),必選修,21
108,2,銘傳大學,程式語言,應用統計與資料科學學系,1,3,學士班(含第二部),必修,64
108,2,銘傳大學,應用英文(二),商品設計學系,1,0,學士班(含第二部),必修,65
108,2,銘傳大學,應用英文(二),商品設計學系,1,0,學士班(含第二部),必修,60
108,2,銘傳大學,應用英文(二),財務金融學系,1,0,學士班(含第二部),必修,60
108,2,銘傳大學,應用英文(二),財務金融學系,1,0,學士班(含第二部),必修,47
108,2,銘傳大學,應用英文(二),應用日語學系,1,0,學士班(含第二部),必修,70
108,2,銘傳大學,應用英文(二),應用日語學系,1,0,學士班(含第二部),必修,66
108,2,銘傳大學,應用英文(二),資訊工程學系,1,0,學士班(含第二部),必修,59
108,2,銘傳大學,應用英文(二),電子工程學系,1,0,學士班(含第二部),必修,57
108,2,銘傳大學,應用英文(二),會計學系,1,0,學士班(含第二部),必修,53
108,2,銘傳大學,應用英文(二),財務金融學系,1,0,學士班(含第二部),必修,60
108,2,銘傳大學,應用英文(二),醫療資訊與管理學系,1,0,學士班(含第二部),必修,59
108,2,銘傳大學,應用英文(二),資訊工程學系,1,0,學士班(含第二部),必修,60
108,2,馬偕醫學院,護理行政概論,護理學系,4,3,學士班(含第二部),必修,41
108,2,銘傳大學,應用英文(二),國際企業學系,1,0,學士班(含第二部),必修,50
108,2,銘傳大學,應用英文(二),會計學系,1,0,學士班(含第二部),必修,55
108,2,銘傳大學,會計學(二),會計學系,1,3,學士班(含第二部),必修,128
108,2,銘傳大學,應用英文(二),生物科技學系,1,0,學士班(含第二部),必修,48
108,2,銘傳大學,應用英文(二),生物科技學系,1,0,學士班(含第二部),必修,50
108,2,銘傳大學,應用英文(二),新媒體暨傳播管理學系,1,0,學士班(含第二部),必修,76
108,2,銘傳大學,應用英文(二),廣告暨策略行銷學系,1,0,學士班(含第二部),必修,61
108,2,銘傳大學,應用英文(二),國際企業學系,1,0,學士班(含第二部),必修,31
108,2,銘傳大學,微積分,國際企業學系,1,3,學士班(含第二部),必修,120
108,2,銘傳大學,應用英文(二),會計學系,1,0,學士班(含第二部),必修,59
108,2,銘傳大學,應用英文(二),應用中國文學系,1,0,學士班(含第二部),必修,60
108,2,銘傳大學,應用英文(二),法律學系,1,0,學士班(含第二部),必修,51
108,2,銘傳大學,應用英文(二),法律學系,1,0,學士班(含第二部),必修,47
108,2,銘傳大學,應用英文(二),風險管理與保險學系,1,0,學士班(含第二部),必修,41
108,2,銘傳大學,應用英文(二),風險管理與保險學系,1,0,學士班(含第二部),必修,59
108,2,銘傳大學,應用英文(二),風險管理與保險學系,1,0,學士班(含第二部),必修,54
108,2,銘傳大學,經濟學(二),風險管理與保險學系,1,3,學士班(含第二部),必修,120
108,2,銘傳大學,應用英文(二),國際企業學系,1,0,學士班(含第二部),必修,56
108,2,銘傳大學,應用英文(二),應用中國文學系,1,0,學士班(含第二部),必修,62
108,2,銘傳大學,應用英文(二),國際企業學系,1,0,學士班(含第二部),必修,59
108,2,銘傳大學,應用英文(二),會計學系,1,0,學士班(含第二部),必修,53
108,2,銘傳大學,應用英文(二),金融科技應用學士學位學程,1,0,學位學程,必修,51
108,2,銘傳大學,應用英文(二),犯罪防治學系,1,0,學士班(含第二部),必修,58
108,2,銘傳大學,應用英文(二),財金法律學系,1,0,學士班(含第二部),必修,49
108,2,銘傳大學,應用英文(二),華語文教學學系,1,0,學士班(含第二部),必修,51
108,2,銘傳大學,應用英文(二),華語文教學學系,1,0,學士班(含第二部),必修,48
108,2,銘傳大學,應用英文(二),犯罪防治學系,1,0,學士班(含第二部),必修,57
108,2,銘傳大學,應用英文(二),諮商與工商心理學系,1,0,學士班(含第二部),必修,70
108,2,銘傳大學,應用英文(二),企業管理學系,1,0,學士班(含第二部),必修,49
108,2,銘傳大學,應用英文(二),廣播電視學系,1,0,學士班(含第二部),必修,87
108,2,銘傳大學,應用英文(二),資訊傳播工程學系,1,0,學士班(含第二部),必修,60
108,2,銘傳大學,應用英文(二),數位媒體設計學系,1,0,學士班(含第二部),必修,70
108,2,銘傳大學,商務溝通英文二,英語教學中心,3,2,學士班(含第二部),必修,105
108,2,銘傳大學,音樂與生活,通識教育中心,,2,學士班(含第二部),選修,60
108,2,銘傳大學,應用英文(二),資訊管理學系,1,0,學士班(含第二部),必修,49
108,2,銘傳大學,統計學(二),企業管理學系,1,3,學士班(含第二部),必修,135
108,2,銘傳大學,應用英文(二),經濟與金融學系,1,0,學士班(含第二部),必修,60
108,2,銘傳大學,職場應用英文二,英語教學中心,4,2,學士班(含第二部),必修,177
108,2,銘傳大學,職場應用英文二,英語教學中心,4,2,學士班(含第二部),必修,155
108,2,銘傳大學,音樂與生活,通識教育中心,,2,學士班(含第二部),選修,60
108,2,銘傳大學,應用英文(二),資訊管理學系,1,0,學士班(含第二部),必修,61
108,2,銘傳大學,應用英文(二),資訊管理學系,1,0,學士班(含第二部),必修,60
108,2,銘傳大學,生命科學,通識教育中心,,2,學士班(含第二部),選修,121
108,2,銘傳大學,生命科學,通識教育中心,,2,學士班(含第二部),選修,119
108,2,銘傳大學,華人歷史與文化,通識教育中心,,2,學士班(含第二部),選修,96
108,2,銘傳大學,應用英文(二),新聞學系,1,0,學士班(含第二部),必修,53
108,2,銘傳大學,應用英文(二),電子工程學系,1,0,學士班(含第二部),必修,44
108,2,銘傳大學,應用英文(二),醫療資訊與管理學系,1,0,學士班(含第二部),必修,60
108,2,銘傳大學,應用英文(二),經濟與金融學系,1,0,學士班(含第二部),必修,60
108,2,銘傳大學,經濟學(二),經濟與金融學系,1,3,學士班(含第二部),必修,50
108,2,銘傳大學,應用英文(二),數位媒體設計學系,1,0,學士班(含第二部),必修,70
108,2,銘傳大學,台灣環境生態,通識教育中心,,2,學士班(含第二部),選修,60
108,2,銘傳大學,音樂欣賞,通識教育中心,,2,學士班(含第二部),選修,60
108,2,銘傳大學,台灣環境生態,通識教育中心,,2,學士班(含第二部),選修,60
108,2,銘傳大學,應用英文(二),商業設計學系,1,0,學士班(含第二部),必修,62
108,2,銘傳大學,應用英文(二),商業設計學系,1,0,學士班(含第二部),必修,54
108,2,銘傳大學,應用英文(二),餐旅管理學系,1,0,學士班(含第二部),必修,70
108,2,銘傳大學,應用英文(二),休閒遊憩管理學系,1,0,學士班(含第二部),必修,62
108,2,銘傳大學,應用英文(二),觀光事業學系,1,0,學士班(含第二部),必修,70
108,2,銘傳大學,應用英文(二),都市規劃與防災學系,1,0,學士班(含第二部),必修,60
108,2,銘傳大學,應用英文(二),應用統計與資料科學學系,1,0,學士班(含第二部),必修,67
108,2,銘傳大學,應用英文(二),應用統計與資料科學學系,1,0,學士班(含第二部),必修,54
108,2,銘傳大學,應用模擬方法,應用統計與資料科學學系,3,3,學士班(含第二部),選修,58
108,2,銘傳大學,應用英文(二),電腦與通訊工程學系,1,0,學士班(含第二部),必修,61
108,2,銘傳大學,應用英文(二),電腦與通訊工程學系,1,0,學士班(含第二部),必修,59
108,2,銘傳大學,職場應用英文二,英語教學中心,4,2,學士班(含第二部),必修,5
108,2,銘傳大學,職場應用英文二,英語教學中心,4,2,學士班(含第二部),必修,135
108,2,銘傳大學,應用英文(二),建築學系,1,0,學士班(含第二部),必修,57
108,2,銘傳大學,應用英文(二),企業管理學系,1,0,學士班(含第二部),必修,60
108,2,銘傳大學,應用英文(二),企業管理學系,1,0,學士班(含第二部),必修,53
108,2,銘傳大學,應用英文(二),企業管理學系,1,0,學士班(含第二部),必修,56
108,2,銘傳大學,應用英文(二),資訊傳播工程學系,1,0,學士班(含第二部),必修,60
108,2,銘傳大學,應用英文(二),公共事務學系,1,0,學士班(含第二部),必修,62
108,2,銘傳大學,應用英文(二),生物醫學工程學系,1,0,學士班(含第二部),必修,60
108,2,銘傳大學,音樂欣賞,通識教育中心,,2,學士班(含第二部),選修,60
108,2,銘傳大學,應用英文四,英語教學中心,2,0,學士班(含第二部),必修,106
108,2,銘傳大學,應用英文(二),動漫文創設計學士學位學程,1,0,學位學程,必修,52
108,2,銘傳大學,應用英文(二),財務金融學系,1,0,學士班(含第二部),必修,66
108,2,淡江大學,演算法,資訊工程學系(日),2,3,學士班(含第二部),必修,71
108,2,淡江大學,線性代數,資訊工程學系(日),2,3,學士班(含第二部),必修,71
108,2,國立臺北藝術大學,西洋音樂史Ⅱ,學士後跨藝合創音樂學士學位學程,1,1,學位學程,必修,27
108,2,淡江大學,管理科學,企業管理學系(日),2,3,學士班(含第二部),必修,59
108,2,淡江大學,管理科學,企業管理學系(進學),2,3,進修學士班(原夜間部),必修,30
108,2,淡江大學,品質管理,企業管理學系(日),3,3,學士班(含第二部),必修,95
108,2,淡江大學,品質管理,企業管理學系(日),3,3,學士班(含第二部),必修,68
108,2,淡江大學,進修英文,外語學院共同科目(日),0,2,學士班(含第二部),選修,178
108,2,淡江大學,表演藝術,藝術欣賞與創作學門-日,0,2,學士班(含第二部),必修,42
108,2,淡江大學,海洋科技,全球科技學門-日,0,2,學士班(含第二部),必修,80
108,2,淡江大學,進修英文,外語學院共同科目(日),0,2,學士班(含第二部),選修,171
108,2,淡江大學,進修英文,外語學院共同科目(日),0,2,學士班(含第二部),選修,163
108,2,淡江大學,進修英文,外語學院共同科目(日),0,2,學士班(含第二部),選修,179
108,2,淡江大學,新興學習科技應用,中等學校教育學程,1,2,學分學程,選修,26
108,2,淡江大學,英語口語表達,英文學系(日),2,2,學士班(含第二部),必修,21
108,2,淡江大學,網路概論,資訊與圖書館學系(日),1,3,學士班(含第二部),選修,100
108,2,淡江大學,表演藝術,藝術欣賞與創作學門-日,0,2,學士班(含第二部),必修,28
108,2,淡江大學,決策分析,管理科學學系(日),3,3,學士班(含第二部),必修,41
108,2,淡江大學,英語口語表達,英文學系(日),2,2,學士班(含第二部),必修,22
108,2,淡江大學,金融機構管理,財務金融學系(進學),3,3,進修學士班(原夜間部),選修,29
108,2,淡江大學,物理與生活,自然科學學門-日,0,2,學士班(含第二部),必修,32
108,2,淡江大學,投資學,企業管理學系(進學),3,3,進修學士班(原夜間部),必修,36
108,2,淡江大學,人力資源管理,企業管理學系(進學),2,3,進修學士班(原夜間部),必修,34
108,2,淡江大學,俄語會話(三),俄國語文學系(日),3,2,學士班(含第二部),必修,20
108,2,淡江大學,網路規劃與實作,資訊管理學系(日),3,2,學士班(含第二部),選修,96
108,2,淡江大學,全球體系與兩岸關係,全球視野學門-日,0,2,學士班(含第二部),必修,79
108,2,淡江大學,電腦入門與程式思維,資訊教育學門-日,0,2,學士班(含第二部),必修,69
108,2,淡江大學,環境未來,未來學學門-日,0,2,學士班(含第二部),必修,78
108,2,義守大學,微生物的妙用,通識教育中心,1,2,學士班(含第二部),選修,68
108,2,義守大學,健康醫學密碼,通識教育中心,1,2,學士班(含第二部),選修,27
108,2,淡江大學,組織行為,公共行政學系(日),3,2,學士班(含第二部),必修,102
108,2,淡江大學,組織行為,公共行政學系(日),3,2,學士班(含第二部),必修,91
108,2,淡江大學,俄羅斯民歌,俄國語文學系(日),1,2,學士班(含第二部),選修,30
108,2,淡江大學,比較政府,公共行政學系(日),2,3,學士班(含第二部),必修,78
108,2,淡江大學,成本分析與管理,企業管理學系(日),2,3,學士班(含第二部),必修,100
108,2,淡江大學,成本分析與管理,企業管理學系(日),2,3,學士班(含第二部),必修,89
108,2,淡江大學,資訊生活與法律,公民社會及參與學門-日,0,2,學士班(含第二部),必修,81
108,2,淡江大學,線性代數(實習課),資訊工程學系(日),2,0,學士班(含第二部),必修,71
108,2,淡江大學,英語口語表達,英文學系(日),2,2,學士班(含第二部),必修,19
108,2,淡江大學,進修俄語,俄國語文學系(日),4,2,學士班(含第二部),選修,8
108,2,淡江大學,人力資源發展概論,教育科技學系(日),2,2,學士班(含第二部),必修,65
108,2,淡江大學,人力資源發展概論,教育科技學系(日),2,2,學士班(含第二部),必修,64
108,2,淡江大學,各國人事制度,公共行政學系(日),4,2,學士班(含第二部),選修,182
108,2,淡江大學,各國人事制度,公共行政學系(進學),4,2,進修學士班(原夜間部),選修,88
108,2,淡江大學,應用統計方法(二),統計學系(日),4,2,學士班(含第二部),選修,122
108,2,淡江大學,應用統計方法(二),統計學系(進學),4,2,進修學士班(原夜間部),選修,44
108,2,淡江大學,俄語會話(四),俄國語文學系(日),4,2,學士班(含第二部),必修,25
108,2,淡江大學,應用西班牙文:華語教學,西班牙語文學系(日),3,2,學士班(含第二部),選修,24
108,2,淡江大學,資訊概論,公共行政學系(日),1,2,學士班(含第二部),必修,143
108,2,淡江大學,資訊概論,統計學系(日),1,2,學士班(含第二部),必修,140
108,2,淡江大學,資訊概論,財務金融學系(日),1,2,學士班(含第二部),必修,168
108,2,淡江大學,資訊概論,產業經濟學系(日),1,2,學士班(含第二部),必修,147
108,2,義守大學,數位通訊,電機工程學系,3,3,學士班(含第二部),選修,48
108,2,淡江大學,歐洲文化史,歷史與文化學門-進,0,2,進修學士班(原夜間部),必修,71
108,2,淡江大學,歐洲文化史,歷史與文化學門-進,0,2,進修學士班(原夜間部),必修,84
108,2,義守大學,統計學(一),管理學院,1,3,學士班(含第二部),必修,71
108,2,義守大學,生理學(二),醫學影像暨放射科學系,2,2,學士班(含第二部),必修,76
108,2,義守大學,放射生物學,醫學影像暨放射科學系,2,2,學士班(含第二部),必修,69
108,2,義守大學,放射物理學(二),醫學影像暨放射科學系,2,3,學士班(含第二部),必修,72
108,2,國立陽明大學,分子醫學研究法,分子醫學學程,1,2,學位學程,選修,3
108,2,國立陽明大學,嵌入式系統設計概論與實作,生物醫學工程學系,4,3,學士班(含第二部),選修,8
108,2,國立東華大學,通識教育專題講座,通識教育中心,,2,學士班(含第二部),必修,218
108,2,明道大學,商務溝通,進修學士班企業管理學系,,3,進修學士班(原夜間部),選修,23
108,2,國立中正大學,易數邏輯,通識教育中心,3A,2,學士班(含第二部),選修,83
108,2,靜宜大學,聖經文學(二),英國語文學系,2A,2,學士班(含第二部),必修,87
108,2,國立成功大學,心血管生理病理學概論,通識中心,,2,學士班(含第二部),必修,100
108,2,國立成功大學,工程師的職涯探索,通識中心,,1,學士班(含第二部),必修,20
108,2,國立成功大學,線上補強英文,外國語言,,0,學士班(含第二部),選修,680
108,2,國立成功大學,研究所線上英文,外國語言,,0,學士班(含第二部),選修,78
108,2,國立成功大學,流行樂賞析與實務,通識中心,,2,學士班(含第二部),必修,103
108,2,中山醫學大學,大體解剖學實驗,醫學系,3,3,學士班(含第二部),必修,63
108,2,國立成功大學,日常疼痛控制,通識中心,,2,學士班(含第二部),必修,146
108,2,國立成功大學,火,通識中心,,2,學士班(含第二部),必修,89
108,2,國立成功大學,科技與生命價值,通識中心,,2,學士班(含第二部),必修,37
108,2,國立成功大學,科學行銷概論,通識中心,,2,學士班(含第二部),必修,75
108,2,國立成功大學,美國法學名著選讀(四),法律學系,3,2,學士班(含第二部),選修,90
108,2,國立成功大學,淺談細胞之電活動,醫學系,2,2,學士班(含第二部),選修,48
108,2,輔仁大學,中英雙向翻譯進階-網,全校進階英文,,2,學士班(含第二部),選修,32
108,2,輔仁大學,外國語文(進階觀光餐飲英文)-網,全人語言文化涵養課程-外國語文,,2,學士班(含第二部),必修,22
108,2,輔仁大學,商務溝通:口語溝通技巧-網,全校進階英文,,2,學士班(含第二部),選修,43
108,2,輔仁大學,英文閱讀(一):閱讀美國文化-網,全校進階英文,,2,學士班(含第二部),選修,57
108,2,輔仁大學,英文商業書信-網,全校進階英文,,2,學士班(含第二部),選修,48
108,2,輔仁大學,商務聽力與會話-網,全校進階英文,,2,學士班(含第二部),選修,46
108,2,輔仁大學,英文寫作(二):專題寫作-網,全校進階英文,,2,學士班(含第二部),選修,20
108,2,輔仁大學,外國語文(中級活用英語發音:聽與說)-網,全人語言文化涵養課程-外國語文,,2,學士班(含第二部),必修,34
108,2,輔仁大學,外國語文(中級應用英文)-網,全人語言文化涵養課程-外國語文,,2,學士班(含第二部),必修,32
108,2,輔仁大學,人體骨骼肌肉的構造與功能-網,(全)自然科技,,2,學士班(含第二部),必選修,122
108,2,輔仁大學,App Inventor 2手機應用程式開發-網,(全)自然科技,,2,學士班(含第二部),必選修,42
108,2,輔仁大學,主題式多益閱讀與文法-網,全校進階英文,,2,學士班(含第二部),選修,186
108,2,中原大學,GQ392B台灣政治與民主,人文與教育學院,0,2,學士班(含第二部),必修,139
108,2,中原大學,GQ392C台灣政治與民主,人文與教育學院,0,2,學士班(含第二部),必修,126
108,2,中原大學,AC242A稅務法規,商學院,1,3,學士班(含第二部),必修,62
108,2,中原大學,AC242B稅務法規,商學院,1,3,學士班(含第二部),必修,61
108,2,中原大學,AC242C稅務法規,商學院,1,3,學士班(含第二部),必修,54
108,2,中原大學,PS493M員工訓練與能力發展,理學院,4,3,學士班(含第二部),選修,14
108,2,中原大學,PS547M心理學中的性別議題,理學院,4,1,學士班(含第二部),選修,42
108,2,中原大學,ME212F工場實習 (二),工學院,2,1,學士班(含第二部),必修,55
108,2,中原大學,ME526L工程分析軟體的應用,工學院,4,3,學士班(含第二部),選修,29
108,2,中原大學,ME623L機器學習,工學院,4,3,學士班(含第二部),選修,17
108,2,中原大學,ME735L節能創新設計與實作,工學院,4,3,學士班(含第二部),選修,20
108,2,中原大學,CS116D資料結構與演算法,電機資訊學院,2,3,學士班(含第二部),必修,58
108,2,中原大學,CS116E資料結構與演算法,電機資訊學院,2,3,學士班(含第二部),必修,56
108,2,中原大學,CS208G作業系統,電機資訊學院,3,3,學士班(含第二部),必修,79
108,2,中原大學,CS208H作業系統,電機資訊學院,3,3,學士班(含第二部),必修,58
108,2,中原大學,IT238D統計學(二),商學院,2,3,學士班(含第二部),必修,53
108,2,中原大學,IT071G財務管理,商學院,3,3,學士班(含第二部),必修,65
108,2,中原大學,IT217G貨幣銀行學(二),商學院,3,2,學士班(含第二部),必修,85
108,2,中原大學,IT122H國際貿易實務,商學院,3,3,學士班(含第二部),必修,71
108,2,中原大學,IT217H貨幣銀行學(二),商學院,3,2,學士班(含第二部),必修,61
108,2,中原大學,IT493H國際企業管理,商學院,3,3,學士班(含第二部),必修,85
108,2,中原大學,LG250B語言學概論(二),人文與教育學院,1,2,學士班(含第二部),必修,51
108,2,中原大學,LG397G印尼語(二),人文與教育學院,1,2,學士班(含第二部),選修,27
108,2,中原大學,LG051D法語文法(四),人文與教育學院,2,2,學士班(含第二部),必修,24
108,2,臺北醫學大學,流行病學,高齡健康管理學系,3,2,學士班(含第二部),選修,65
108,2,中原大學,GE985B音樂基礎訓練,人文與教育學院,0,2,學士班(含第二部),選修,70
108,2,中原大學,ME212D工場實習 (二),工學院,2,1,學士班(含第二部),必修,56
108,2,中原大學,ME212E工場實習 (二),工學院,2,1,學士班(含第二部),必修,53
108,2,中原大學,EL539LAndroid應用程式設計,電機資訊學院,4,3,學士班(含第二部),選修,18
108,2,中原大學,BA1541財務管理個案研討,商學院,4,3,學士班(含第二部),選修,22
108,2,中原大學,BA3393國際企業人力資源管理,商學院,4,3,學士班(含第二部),選修,20
108,2,中原大學,IT240B經濟學(二),商學院,1,3,學士班(含第二部),必修,74
108,2,中原大學,GE659A創意思解,人文與教育學院,0,2,學士班(含第二部),選修,54
108,2,中原大學,GE659B創意思解,人文與教育學院,0,2,學士班(含第二部),選修,74
108,2,中原大學,GE728A人工智慧導論,人文與教育學院,0,1,學士班(含第二部),選修,125
108,2,中原大學,EL058C計算機概論(二),電機資訊學院,1,3,學士班(含第二部),必修,59
108,2,中原大學,EL222D電路學(二),電機資訊學院,2,3,學士班(含第二部),必修,52
108,2,中原大學,EL221E電子學(二),電機資訊學院,2,3,學士班(含第二部),必修,66
108,2,中原大學,EL222E電路學(二),電機資訊學院,2,3,學士班(含第二部),必修,62
108,2,中原大學,EL190L數位影像處理,電機資訊學院,4,3,學士班(含第二部),選修,28
108,2,中原大學,BA346E行銷管理及個案研討,商學院,2,3,學士班(含第二部),必修,57
108,2,中原大學,BA346F行銷管理及個案研討,商學院,2,3,學士班(含第二部),必修,50
108,2,中原大學,BA346G行銷管理及個案研討,商學院,2,3,學士班(含第二部),必修,69
108,2,中原大學,BA346H行銷管理及個案研討,商學院,2,3,學士班(含第二部),必修,81
108,2,中原大學,FA001B財務數學,商學院,1,3,學士班(含第二部),必修,88
108,2,中原大學,FA121B管理學,商學院,1,3,學士班(含第二部),必修,61
108,2,中原大學,FA238D統計學(二),商學院,2,3,學士班(含第二部),必修,72
108,2,中原大學,SP525L早期介入實務,人文與教育學院,4,2,學士班(含第二部),選修,14
108,2,中原大學,GE488C工程倫理,人文與教育學院,0,2,學士班(含第二部),選修,173
108,2,中原大學,GE509A品格與領導,人文與教育學院,0,2,學士班(含第二部),選修,40
108,2,中原大學,GE525A生命與醫療史,人文與教育學院,0,2,學士班(含第二部),選修,77
108,2,中原大學,GE525B生命與醫療史,人文與教育學院,0,2,學士班(含第二部),選修,78
108,2,中原大學,GE586A多元文化概論,人文與教育學院,0,2,學士班(含第二部),選修,62
108,2,中原大學,GE586B多元文化概論,人文與教育學院,0,2,學士班(含第二部),選修,88
108,2,中原大學,GE638A超級英雄的物理學,人文與教育學院,0,2,學士班(含第二部),選修,94
108,2,中原大學,CE271C電腦輔助繪圖,工學院,1,3,學士班(含第二部),必修,56
108,2,中原大學,EL058B計算機概論(二),電機資訊學院,1,3,學士班(含第二部),必修,63
108,2,中原大學,BA100D資訊科技導論,商學院,1,3,學士班(含第二部),必修,58
108,2,中原大學,GE481A科學與倫理,人文與教育學院,0,2,學士班(含第二部),選修,141
108,2,中原大學,GE484A愛情關係管理,人文與教育學院,0,2,學士班(含第二部),選修,115
108,2,中原大學,GE484B愛情關係管理,人文與教育學院,0,2,學士班(含第二部),選修,189
108,2,中原大學,GE484C愛情關係管理,人文與教育學院,0,2,學士班(含第二部),選修,111
108,2,中原大學,CH430I計算機程式語言,工學院,3,3,學士班(含第二部),必修,53
108,2,中原大學,CE271B電腦輔助繪圖,工學院,1,3,學士班(含第二部),必修,61
108,2,中原大學,GE038A職場情緒軟功夫,人文與教育學院,0,2,學士班(含第二部),選修,61
108,2,中原大學,GE038B職場情緒軟功夫,人文與教育學院,0,2,學士班(含第二部),選修,124
108,2,中原大學,GE100A楚漢相爭之職場競爭力,人文與教育學院,0,2,學士班(含第二部),選修,47
108,2,中原大學,GE105A財務金融理論與應用,人文與教育學院,0,2,學士班(含第二部),選修,39
108,2,中原大學,EN241A水文學,工學院,1,3,學士班(含第二部),必修,56
108,2,中原大學,MI276A企業資料通訊,商學院,1,3,學士班(含第二部),必修,76
108,2,中原大學,MI276B企業資料通訊,商學院,1,3,學士班(含第二部),必修,67
108,2,中原大學,AC242F稅務法規,商學院,2,3,學士班(含第二部),必修,55
108,2,中原大學,ID377D電腦輔助繪圖(二),設計學院,2,2,學士班(含第二部),必修,49
108,2,中原大學,ID378D電腦輔助繪圖(二),設計學院,2,2,學士班(含第二部),必修,45
108,2,中原大學,LG406G電腦輔助語言教學,人文與教育學院,3,2,學士班(含第二部),選修,58
108,2,臺北醫學大學,居家照顧與技巧,高齡健康管理學系,2,2,學士班(含第二部),選修,63
108,2,臺北醫學大學,本草學,藥學系學士班共同整合課程,1,2,學士班(含第二部),選修,93
108,2,臺北醫學大學,"食得安心,食在放心",營養學院學士班共同整合課程,1,1,學士班(含第二部),選修,26
108,2,亞洲大學,基本設計(二),數位媒體設計學系,1,3,學士班(含第二部),必修,35
108,2,亞洲大學,基本設計(二),數位媒體設計學系,1,3,學士班(含第二部),必修,35
108,2,臺北醫學大學,人工智慧導論,一般通識組,1,2,學士班(含第二部),選修,27
108,2,臺北醫學大學,多媒體設計,一般通識組,1,2,學士班(含第二部),選修,49
108,2,臺北醫學大學,人工智慧導論,一般通識組,1,2,學士班(含第二部),必修,106
108,2,亞洲大學,社會團體工作,社會工作學系,2,3,學士班(含第二部),必修,51
108,2,亞洲大學,電影文學,外國語文學系,3,2,學士班(含第二部),選修,93
108,2,亞洲大學,網路英文閱讀,外國語文學系,4,2,學士班(含第二部),選修,86
108,2,臺北醫學大學,高階英文聽力,語言中心組,1,2,學士班(含第二部),選修,33
108,2,臺北醫學大學,基礎程式設計,一般通識組,1,2,學士班(含第二部),必修,64
108,2,臺北醫學大學,研究生英語精進,語言中心組,1,2,學士班(含第二部),選修,32
108,2,亞洲大學,數位特效設計,數位媒體設計學系(數位遊戲設計組),3,3,學士班(含第二部),選修,56
108,2,中原大學,LA339G當代生態城市設計,設計學院,3,2,學士班(含第二部),選修,26
108,2,中原大學,LA529L人本城市:從觀念到實踐,設計學院,4,2,學士班(含第二部),選修,11
108,2,臺北醫學大學,食品與健康,一般通識組,1,2,學士班(含第二部),選修,85
108,2,臺北醫學大學,運動與健康,一般通識組,1,2,學士班(含第二部),選修,127
108,2,臺北醫學大學,運動生物學概論,一般通識組,1,2,學士班(含第二部),選修,130
108,2,臺北醫學大學,口腔衛生資訊學,口腔衛生學系,1,2,學士班(含第二部),必修,31
108,2,臺北醫學大學,牙科醫事倫理學,口腔衛生學系,3,2,學士班(含第二部),必修,22
108,2,亞洲大學,設計繪畫,時尚設計學系,1,2,學士班(含第二部),必修,26
108,2,中原大學,EC609R網路安全,電機資訊學院,1,3,學位學程,選修,1
108,2,亞洲大學,設計繪畫,時尚設計學系,1,2,學士班(含第二部),必修,22
108,2,中原大學,CL128G互動式華語教材設計,人文與教育學院,3,3,學士班(含第二部),選修,26
108,2,臺北醫學大學,牙醫師生涯規劃,牙醫學系,6,1,學士班(含第二部),必修,106
108,2,亞洲大學,幼兒戲劇,幼兒教育學系,3,2,學士班(含第二部),選修,47
108,2,亞洲大學,文創職場實務學習,幼兒教育學系,4,2,學士班(含第二部),選修,23
108,2,亞洲大學,家庭暴力與性侵害防治,社會工作學系,3,2,學士班(含第二部),選修,58
108,2,國立臺灣師範大學,分子營養學,營養科學學士學位學程,,2,學士班(含第二部),選修,8
108,2,南華大學,旅遊事業行銷管理,旅遊管理學系,0,3,學士班(含第二部),必修,60
108,2,實踐大學,旅館操作實務,觀光管理學系,4,2,學士班(含第二部),選修,75
108,2,國立臺灣師範大學,音樂鑑賞,通識教育中心,,2,學士班(含第二部),選修,208
108,2,實踐大學,職涯發展與規劃,行銷管理學系,4,3,學士班(含第二部),選修,26
108,2,實踐大學,旅館服務職能實務訓練,觀光管理學系,4,3,學士班(含第二部),選修,78
108,2,實踐大學,旅行社經營實務,觀光管理學系,4,2,學士班(含第二部),選修,53
108,2,實踐大學,顧客關係與危機管理,觀光管理學系,4,2,學士班(含第二部),必修,48
108,2,實踐大學,3D電腦動畫(二),資訊模擬與設計學系,2,3,學士班(含第二部),必修,70
108,2,實踐大學,日語語法(三),應用日文學系,2,2,學士班(含第二部),選修,86
108,2,實踐大學,日語語法(三),應用日文學系,2,2,學士班(含第二部),選修,80
108,2,實踐大學,日語能力檢定N1,應用日文學系,4,2,學士班(含第二部),選修,83
108,2,實踐大學,財務管理個案研究,金融管理學系,3,3,學士班(含第二部),選修,56
108,2,實踐大學,中翻英習作,應用英語學系,2,2,學士班(含第二部),選修,58
108,2,實踐大學,科技與經貿筆譯,應用英語學系,3,2,學士班(含第二部),選修,44
108,2,實踐大學,時尚英文,應用英語學系,4,2,學士班(含第二部),選修,43
108,2,實踐大學,核心職能與職場溝通,應用英語學系,4,2,學士班(含第二部),選修,67
108,2,實踐大學,3D設計(二),時尚設計學系,3,3,學士班(含第二部),選修,35
108,2,實踐大學,3D設計(二),時尚設計學系,3,3,學士班(含第二部),選修,42
108,2,大葉大學,為公司把把脈J1,共同教學中心,6,1,學士班(含第二部),選修,47
108,2,亞洲大學,愛情、性別與法律,通識教育中心,1,2,學士班(含第二部),必修,90
108,2,亞洲大學,休閒美學,管理學院進修學士學位學程,2,3,進修學士班(原夜間部),必修,70
108,2,亞洲大學,活動企劃與實務,管理學院進修學士學位學程,4,3,進修學士班(原夜間部),選修,70
108,2,亞洲大學,商業套裝軟體,管理學院進修學士學位學程,3,3,進修學士班(原夜間部),必修,39
108,2,亞洲大學,統計學(二),管理學院進修學士學位學程,2,3,進修學士班(原夜間部),必修,44
108,2,亞洲大學,芳香學與應用,食品營養與保健生技學系(保健化妝品組),2,2,學士班(含第二部),選修,46
108,2,亞洲大學,數位學習概論,行動商務與多媒體應用學系,3,3,學士班(含第二部),必修,42
108,2,亞洲大學,生物科技專利搜尋與管理,生物科技學系,2,2,學士班(含第二部),選修,35
108,2,亞洲大學,傳播倫理與法規,資訊傳播學系,2,3,學士班(含第二部),必修,64
108,2,亞洲大學,傳播倫理與法規,資訊傳播學系,2,3,學士班(含第二部),必修,66
108,2,亞洲大學,網頁設計,資訊傳播學系,1,3,學士班(含第二部),必修,76
108,2,亞洲大學,網頁設計,資訊傳播學系,1,3,學士班(含第二部),必修,36
108,2,亞洲大學,醫學倫理,健康產業管理學系(健康產業管理組),2,2,學士班(含第二部),必修,55
108,2,亞洲大學,醫學倫理,健康產業管理學系(醫療機構管理組),2,2,學士班(含第二部),必修,62
108,2,亞洲大學,婦女健康照護,護理學系,3,2,學士班(含第二部),選修,31
108,2,亞洲大學,人工智慧概論,資訊工程學系,3,3,學士班(含第二部),選修,50
108,2,亞洲大學,金融科技專題,財務金融學系(金融管理組),4,3,學士班(含第二部),必修,45
108,2,大葉大學,初級會計(二),財務金融學系,1,3,學士班(含第二部),必修,79
108,2,亞洲大學,普通物理學,生物資訊與醫學工程學系,1,3,學士班(含第二部),必修,41
108,2,亞洲大學,網頁系統開發,生物資訊與醫學工程學系,2,3,學士班(含第二部),必修,42
108,2,亞洲大學,公平交易法,財經法律學系(科技法律組),3,2,學士班(含第二部),選修,74
108,2,亞洲大學,專利法,財經法律學系(科技法律組),2,2,學士班(含第二部),選修,76
108,2,東海大學,自然:超級英雄的物理學,通識中心,1,2,學士班(含第二部),必修,72
108,2,東海大學,人文:莎士比亞,通識中心,1,2,學士班(含第二部),必修,106
108,2,東海大學,網路學英語,英語中心,0,3,學士班(含第二部),選修,47
108,2,東海大學,笑話聽讀講輕鬆學英文,英語中心,0,3,學士班(含第二部),選修,135
108,2,東海大學,邏輯思維與運算:運算思維與程式設計,通識中心,1,2,學士班(含第二部),必修,28
108,2,東海大學,證券交易法,法律學系,0,2,學士班(含第二部),必修,77
108,2,東海大學,證券交易法,法律學系,0,2,學士班(含第二部),必修,29
108,2,東海大學,社會:御宅學–文化、科技、經濟、創作,通識中心,1,2,學士班(含第二部),必修,112
108,2,東海大學,微積分甲〈二〉,應用數學系,0,3,學士班(含第二部),必修,9
108,2,東海大學,微積分乙〈二〉,應用數學系,0,3,學士班(含第二部),必修,12
108,2,逢甲大學,流體力學(二),綜合班,0,3,學士班(含第二部),必修,7
108,2,明道大學,課程設計與發展,課程與教學研究所在職專班,,3,碩士班在職專班,選修,9
108,2,國立臺灣大學,分子營養學:基因體、代謝,食科所,0,2,碩士班,選修,10
108,2,國立臺灣大學,分子營養學:基因體、代謝,國際學程,0,2,碩士班,選修,10
108,2,國立臺灣大學,分子營養學:基因體、代謝,保健營養學程,0,2,碩士班,選修,10
108,2,國立臺灣大學,分子營養學:基因體、代謝,臺大遠距教學,0,2,碩士班,選修,10
108,2,國立中興大學,當代英文論文寫作與簡報,行銷系,6,3,碩士班,選修,186
108,2,國立中興大學,當代英文論文寫作與簡報,國農學程,6,3,碩士班,選修,186
108,2,國立中興大學,當代英文論文寫作與簡報,跨洲學程,6,3,碩士班,選修,186
108,2,國立中興大學,農業傳播,生管所,6,3,碩士班,選修,11
108,2,國立中興大學,遙感探測學,土環系,6,3,碩士班,選修,8
108,2,國立中興大學,遙感探測學,國農學程,6,3,碩士班,選修,8
108,2,國立中興大學,能源轉換,電機系,6,1,碩士班,選修,18
108,2,國立中興大學,能源轉換,光半技產專,6,1,碩士班,選修,18
108,2,東吳大學,當代議題討論,社會學系碩士班,1,3,碩士班,選修,8
108,2,東吳大學,當代東亞流行文化與公共領域,社會學系碩士班,1,3,碩士班,選修,6
108,2,東吳大學,英美法概論,法律學系碩士在職專班法律專業組,1,2,碩士班在職專班,選修,11
108,2,東吳大學,金融與經濟應用程式,經濟學系碩士班,1,3,碩士班,必修,19
108,2,東吳大學,行動學習應用實務,資訊管理學系碩士在職專班,2,3,碩士班在職專班,選修,2
108,2,東吳大學,資訊安全,資訊管理學系碩士在職專班,1,3,碩士班在職專班,選修,11
108,2,國立中央大學,雷達遙測實務,遙測科技碩士學位學程,0,3,碩士班,選修,10
108,2,國立中央大學,衛星機械系統設計,太空科學與工程研究所碩士班,0,3,碩士班,選修,26
108,2,國立中央大學,衛星姿態判定與控制,太空科學與工程研究所碩士班,0,3,碩士班,選修,18
108,2,國立中央大學,癌症生物學,生命科學系,3,3,博士班,選修,5
108,2,國立嘉義大學,特殊教育學生治療法研究,特殊教育學系碩士班,1,2,碩士班,必修,10
108,2,國立彰化師範大學,高科技專利取得與攻防,資訊工程學系,1,3,碩士班,選修,18
108,2,國立彰化師範大學,人工智慧,資訊工程學系,1,3,碩士班,選修,19
108,2,國立嘉義大學,互動介面設計,數位學習設計與管理學系碩士班,1,3,碩士班,必修,6
108,2,國立政治大學,憲法專題研究(七),法律學系,1,2,碩士班,必選修,11
108,2,國立政治大學,研究方法,圖書資訊與檔案學研究所圖書資訊學數位碩士在職專班,1,3,碩士班在職專班,必修,17
108,2,國立政治大學,資訊素養與教學,圖書資訊與檔案學研究所圖書資訊學數位碩士在職專班,1,3,碩士班在職專班,選修,17
108,2,國立政治大學,資訊服務研討,圖書資訊與檔案學研究所圖書資訊學數位碩士在職專班,1,3,碩士班在職專班,選修,17
108,2,中國文化大學,第二語言習得研究,華語文教學碩士學位學程,1,3,碩士班在職專班,必修,4
108,2,中國文化大學,國際行銷管理,企業實務管理數位碩士在職專班,1,3,碩士班在職專班,必修,17
108,2,中國文化大學,作業管理,企業實務管理數位碩士在職專班,1,3,碩士班在職專班,必修,23
108,2,中國文化大學,團隊建立與領導,企業實務管理數位碩士在職專班,1,2,碩士班在職專班,必修,18
108,2,中國文化大學,電子商務,企業實務管理數位碩士在職專班,1,2,碩士班在職專班,選修,17
108,2,中國文化大學,國際企業經營策略,企業實務管理數位碩士在職專班,2,3,碩士班在職專班,必修,24
108,2,中國文化大學,產業分析與創新創業,企業實務管理數位碩士在職專班,2,3,碩士班在職專班,選修,15
108,2,世新大學,餐飲管理研究,觀光學系,0,3,碩士班在職專班,選修,16
108,2,淡江大學,新興學習科技應用專題,課程與教學研究所碩士班,1,2,碩士班,選修,6
108,2,淡江大學,數位典藏專題研究,數位出版與典藏數位學習碩士在職專班,1,3,碩士班在職專班,必修,4
108,2,淡江大學,中國「一帶一路」倡議在拉美的發展,拉丁美洲研究所亞太研究數位學習碩士在職專班,2,2,碩士班在職專班,選修,9
108,2,淡江大學,電子書製作與應用,數位出版與典藏數位學習碩士在職專班,1,3,碩士班在職專班,選修,4
108,2,淡江大學,次世代異質整合無線通訊核心網路,資訊工程學系資訊網路與多媒體碩士班,1,3,碩士班,選修,10
108,2,淡江大學,人力資源發展,教育科技學系數位學習碩士在職專班,2,3,碩士班在職專班,選修,23
108,2,淡江大學,人力資源管理研討,管理科學學系企業經營碩士班,1,3,碩士班,選修,11
108,2,淡江大學,東北亞政治格局,拉丁美洲研究所亞太研究數位學習碩士在職專班,1,2,碩士班在職專班,選修,9
108,2,淡江大學,需求評估,教育科技學系數位學習碩士在職專班,1,3,碩士班在職專班,選修,19
108,2,淡江大學,讀者服務,數位出版與典藏數位學習碩士在職專班,1,3,碩士班在職專班,選修,3
108,2,淡江大學,亞洲與拉丁美洲關係,拉丁美洲研究所亞太研究數位學習碩士在職專班,1,2,碩士班在職專班,選修,8
108,2,淡江大學,數位教學設計,教育科技學系數位學習碩士在職專班,1,3,碩士班在職專班,必修,21
108,2,淡江大學,研究方法,教育科技學系數位學習碩士在職專班,1,3,碩士班在職專班,必修,19
108,2,淡江大學,亞太安全議題,拉丁美洲研究所亞太研究數位學習碩士在職專班,1,2,碩士班在職專班,選修,8
108,2,淡江大學,中華民國外交政策,拉丁美洲研究所亞太研究數位學習碩士在職專班,2,2,碩士班在職專班,選修,9
108,2,淡江大學,台灣文化與價值觀,拉丁美洲研究所亞太研究數位學習碩士在職專班,1,2,碩士班在職專班,選修,8
108,2,國立陽明大學,全球衛生概論,國際衛生學程,1,2,碩士班,選修,8
108,2,國立陽明大學,深度學習與實務,腦科學研究所,1,3,碩士班,選修,4
108,2,國立臺東大學,研究論文寫作,資訊管理學系,1,2,碩士班在職專班,必修,23
108,2,國立中正大學,審計學,會計與資訊科技研究所,1A,3,碩士班在職專班,必修,26
108,2,國立中正大學,質性研究,教學專業發展數位學習碩士在職專班,1A,3,碩士班在職專班,必修,31
108,2,國立中正大學,學習型學校,教學專業發展數位學習碩士在職專班,1A,3,碩士班在職專班,選修,31
108,2,國立中正大學,多元文化課程與教學研究,教學專業發展數位學習碩士在職專班,1A,3,碩士班在職專班,選修,31
108,2,國立中正大學,課程發展與設計,教學專業發展數位學習碩士在職專班,1A,3,碩士班在職專班,選修,7
108,2,國立中正大學,弱勢學生與教育,教學專業發展數位學習碩士在職專班,1A,3,碩士班在職專班,選修,19
108,2,國立中正大學,雲端計算,資訊工程研究所,1A,3,博士班,選修,19
108,2,國立中正大學,物聯網概論,資訊工程研究所,1A,3,博士班,選修,67
108,2,國立中正大學,模糊系統,資訊工程研究所,1A,3,博士班,選修,22
108,2,國立中正大學,高通量定序資料之生物資訊分析技術,資訊工程研究所,1A,3,博士班,選修,6
108,2,國立中正大學,作業系統,雲端計算與物聯網數位學習碩士在職專班,1A,3,碩士班在職專班,選修,19
108,2,國立中正大學,網路安全,雲端計算與物聯網數位學習碩士在職專班,1A,3,碩士班在職專班,選修,26
108,2,國立中正大學,雲端計算,雲端計算與物聯網數位學習碩士在職專班,1A,3,碩士班在職專班,選修,25
108,2,國立中正大學,金融市場與投資管理專題研討,會計與法律數位學習碩士在職專班,1A,3,碩士班在職專班,選修,34
108,2,國立中正大學,財務會計(二),會計與法律數位學習碩士在職專班,1A,3,碩士班在職專班,必修,12
108,2,國立中正大學,審計與確認服務專題研討,會計與法律數位學習碩士在職專班,1A,3,碩士班在職專班,必修,30
108,2,國立成功大學,品牌與行銷,創意產業設計研究所,,3,碩士班,選修,16
108,2,國立成功大學,管理資訊系統,國際經營管理研究所(IIMBA),,3,碩士班,選修,19
108,2,輔仁大學,國際醫療專題研究-網,跨文化研究所翻譯學碩士班,,2,碩士班,選修,5
108,2,輔仁大學,顧客關係管理-網,企業管理學系管理學碩士在職專班,,3,碩士班在職專班,選修,42
108,2,輔仁大學,電腦科技與數位博物館-網,博物館學研究所碩士班,,2,碩士班,選修,4
108,2,輔仁大學,巨量營養素(II)-網,營養科學系碩士班,,2,碩士班,必修,10
108,2,中原大學,BT528R食品毒理學,理學院,1,2,碩士班,選修,11
108,2,中原大學,IE528RCAD與虛實整合系統,電機資訊學院,1,3,碩士班,選修,29
108,2,中原大學,EE360R電力系統之運轉與控制,電機資訊學院,1,3,碩士班,選修,12
108,2,中原大學,GE033R研究生生涯探索,人文與教育學院,0,2,碩士班,選修,60
108,2,中原大學,GE659R創意思解,人文與教育學院,0,2,碩士班,選修,1
108,2,中原大學,GE659S創意思解,人文與教育學院,0,2,碩士班,選修,2
108,2,中原大學,GE728R人工智慧導論,人文與教育學院,0,1,碩士班,選修,6
108,2,中原大學,PS493R員工訓練與能力發展,理學院,1,3,碩士班,選修,5
108,2,中原大學,PS547R心理學中的性別議題,理學院,1,1,碩士班,選修,1
108,2,中原大學,CS609R網路安全,電機資訊學院,1,3,碩士班,選修,24
108,2,中原大學,IT502R專題研討(二),商學院,1,1,碩士班,必修,7
108,2,中原大學,BM221T國際企業人力資源管理,商學院,2,3,碩士班,選修,14
108,2,中原大學,CY644r高等有機化學,理學院,1,3,碩士班在職專班,選修,5
108,2,中原大學,ME623R機器學習,工學院,1,3,碩士班,選修,14
108,2,中原大學,ME735R節能創新設計與實作,工學院,1,3,碩士班,選修,9
108,2,中原大學,SP525R早期介入實務,人文與教育學院,1,2,碩士班,選修,2
108,2,中原大學,LG537R翻譯理論,人文與教育學院,1,3,碩士班,選修,6
108,2,中原大學,EL539RAndroid應用程式設計,電機資訊學院,1,3,碩士班,選修,3
108,2,中原大學,BA339T國際企業人力資源管理,商學院,2,3,碩士班,選修,6
108,2,中原大學,BA621T財務管理個案研討,商學院,2,3,碩士班,選修,1
108,2,中原大學,MA701t書報討論,理學院,2,0,碩士班在職專班,必修,11
108,2,中原大學,EL190R數位影像處理,電機資訊學院,1,3,碩士班,選修,7
108,2,中原大學,EF803r刑法(下),法學院,1,2,碩士班在職專班,必修,10
108,2,中原大學,EF657T勞社法專題研究二,法學院,2,2,碩士班,選修,4
108,2,中原大學,LA529R人本城市:從觀念到實踐,設計學院,1,2,碩士班,選修,3
108,2,中原大學,MA701r書報討論,理學院,1,0,碩士班在職專班,必修,9
108,2,中原大學,MI572rFintech 專題研究,商學院,1,3,碩士班在職專班,選修,5
108,2,中原大學,TA160t新興教育議題,人文與教育學院,2,3,碩士班在職專班,選修,13
108,2,中原大學,CL509R華語文電腦輔助教學,人文與教育學院,1,3,碩士班,選修,17
108,2,中原大學,PR713R約翰著作,人文與教育學院,1,3,碩士班,選修,12
108,2,中原大學,PR721R第八世紀先知書研究,人文與教育學院,1,3,碩士班,選修,6
108,2,中原大學,PR720r早期教會歷史,人文與教育學院,1,3,碩士班在職專班,選修,5
108,2,臺北醫學大學,分子及醫學病毒學特論,國際醫學研究博士學位學程,1,2,博士班,選修,2
108,2,亞洲大學,研究方法,外國語文學系,1,3,碩士班,必修,9
108,2,亞洲大學,科技與語言教學,外國語文學系,1,3,碩士班,選修,6
108,2,臺北醫學大學,分子及醫學病毒學特論,醫學科學研究所博士班,1,2,博士班,選修,2
108,2,臺北醫學大學,科學文章撰寫,醫學科學研究所博士班,1,2,博士班,必修,14
108,2,臺北醫學大學,健康資訊系統與國際醫療理論,醫學資訊研究所博士班,1,2,博士班,選修,11
108,2,亞洲大學,資訊視覺化研究,視覺傳達設計學系,1,3,碩士班,選修,10
108,2,臺北醫學大學,研究倫理,研究所共同課程,1,0,碩士班,必修,33
108,2,臺北醫學大學,研究倫理,研究所共同課程,1,0,碩士班在職專班,必修,33
108,2,臺北醫學大學,研究倫理,研究所共同課程,1,0,博士班,必修,33
108,2,臺北醫學大學,研究倫理,研究所共同課程,1,0,碩士班,必修,75
108,2,臺北醫學大學,研究倫理,研究所共同課程,1,0,碩士班在職專班,必修,75
108,2,臺北醫學大學,研究倫理,研究所共同課程,1,0,博士班,必修,75
108,2,臺北醫學大學,分子生物學,醫學院研究所共同整合課程,1,3,碩士班,選修,11
108,2,臺北醫學大學,分子生物學,醫學院研究所共同整合課程,1,3,碩士班在職專班,選修,11
108,2,臺北醫學大學,分子生物學,醫學院研究所共同整合課程,1,3,博士班,選修,11
108,2,臺北醫學大學,分子生物學,醫學院研究所共同整合課程,1,3,碩士班,選修,11
108,2,臺北醫學大學,分子生物學,醫學院研究所共同整合課程,1,3,碩士班在職專班,選修,11
108,2,臺北醫學大學,分子生物學,醫學院研究所共同整合課程,1,3,博士班,選修,11
108,2,亞洲大學,設計特論(二),創意商品設計學系,1,3,碩士班,選修,10
108,2,臺北醫學大學,電子病歷系統人工智慧分析實作,醫學院人工智慧醫療碩士在職專班,1,2,碩士班在職專班,選修,16
108,2,臺北醫學大學,人工智慧在基因分析工程上之應用,醫學院人工智慧醫療碩士在職專班,1,2,碩士班在職專班,選修,10
108,2,臺北醫學大學,研究倫理,研究所共同課程,1,0,碩士班,必修,89
108,2,臺北醫學大學,研究倫理,研究所共同課程,1,0,碩士班在職專班,必修,89
108,2,臺北醫學大學,研究倫理,研究所共同課程,1,0,博士班,必修,89
108,2,臺北醫學大學,膳食營養調查法,保健營養學系碩士在職專班,1,2,碩士班在職專班,選修,17
108,2,亞洲大學,社會工作督導,社會工作學系,2,3,碩士班,選修,11
108,2,亞洲大學,量化研究方法,社會工作學系,1,3,碩士班,必修,10
108,2,國立臺灣師範大學,圖書資訊學研究,圖書資訊學研究所,,3,碩士班在職專班,必修,19
108,2,國立臺灣師範大學,統計學,圖書資訊學研究所,,3,碩士班在職專班,必修,20
108,2,國立臺灣師範大學,館藏發展,圖書資訊學研究所,,3,碩士班在職專班,選修,22
108,2,國立臺灣師範大學,資訊組織,圖書資訊學研究所,,3,碩士班在職專班,選修,14
108,2,國立臺灣師範大學,網路化教育訓練,科技應用與人力資源發展學系,1,3,碩士班在職專班,選修,27
108,2,國立臺灣師範大學,認知神經科學導論,科學教育研究所碩士班,,3,碩士班,選修,9
108,2,國立臺灣師範大學,日本庭園史專題研究,藝術史研究所碩士班,,3,碩士班,選修,7
108,2,國立臺灣師範大學,第二語言習得:理論與教學,華語文教學系碩士班,,3,碩士班,選修,20
108,2,國立臺南大學,新興教學科技議題研究,教育學系教學科技碩士班,1,3,碩士班,必修,10
108,2,國立臺灣師範大學,第二語言習得,華語文教學系,,3,碩士班在職專班,選修,16
108,2,國立臺灣師範大學,華語文教學法,華語文教學系,,3,碩士班在職專班,選修,21
108,2,國立臺灣師範大學,華語語言遊戲理論與應用,華語文教學系,,3,碩士班在職專班,選修,25
108,2,國立臺灣師範大學,漢字教學理論與應用,華語文教學系,,3,碩士班在職專班,選修,27
108,2,國立臺南大學,互動設計與數位藝術,數位學習科技學系碩士班,1,3,碩士班,選修,9
108,2,大葉大學,策略管理,管理學院碩士在職專班,2,3,碩士班在職專班,必修,6
108,2,國立臺南大學,互動設計與數位藝術,數位學習科技學系數位學習科技碩士在職專班(夜),1,3,碩士班在職專班,選修,6
108,2,亞洲大學,休憩發展趨勢,休閒與遊憩管理學系,1,3,碩士班,選修,14
108,2,亞洲大學,企業資源規劃研討,會計與資訊學系,1,3,碩士班,選修,12
108,2,亞洲大學,電子商務,經營管理學系,1,3,碩士班,選修,28
108,2,亞洲大學,生物技術專題講座(二),生物科技學系,1,1,碩士班,選修,9
108,2,亞洲大學,灰色系統應用,資訊工程學系,1,3,碩士班在職專班,選修,20
108,2,亞洲大學,人工智慧,光電與通訊學系,1,3,碩士班在職專班,選修,10
108,2,亞洲大學,整合行銷研究,資訊傳播學系,1,3,碩士班,選修,10
108,2,亞洲大學,金融市場,財務金融學系,1,3,碩士班在職專班,必修,33
108,2,亞洲大學,諮商駐地實習(二),心理學系,3,3,碩士班,選修,13
108,2,東海大學,大數據技術平台與應用,資訊工程學系,0,3,碩士班,選修,32
108,2,東海大學,巨量資料分析與應用,資訊管理學系,0,3,碩士班,選修,42
